use databaseproject;
INSERT INTO Department (DepartmentID, DepartmentName) VALUES (1, 'Department of Architecture and Design');
INSERT INTO Department (DepartmentID, DepartmentName) VALUES (2, 'Department of Chemical Engineering');
INSERT INTO Department (DepartmentID, DepartmentName) VALUES (3, 'Department of Computer Sciences');
INSERT INTO Department (DepartmentID, DepartmentName) VALUES (4, 'Department of Electrical Engineering');
INSERT INTO Department (DepartmentID, DepartmentName) VALUES (5, 'Department of Humanities');
INSERT INTO Department (DepartmentID, DepartmentName) VALUES (6, 'Department of Management Sciences');
INSERT INTO Department (DepartmentID, DepartmentName) VALUES (7, 'Department of Mathematics');
INSERT INTO Department (DepartmentID, DepartmentName) VALUES (8, 'Department of Physics');
INSERT INTO Department (DepartmentID, DepartmentName) VALUES (9, 'Department of Statistics');

INSERT INTO Salary (SalaryID, GrossSalary, TotalDeductions) VALUES (1, 187900, 16413);
INSERT INTO Salary (SalaryID, GrossSalary, TotalDeductions) VALUES (2, 176492, 10353);
INSERT INTO Salary (SalaryID, GrossSalary, TotalDeductions) VALUES (3, 197736, 42284);
INSERT INTO Salary (SalaryID, GrossSalary, TotalDeductions) VALUES (4, 250495, 14167);
INSERT INTO Salary (SalaryID, GrossSalary, TotalDeductions) VALUES (5, 378334, 51723);
INSERT INTO Salary (SalaryID, GrossSalary, TotalDeductions) VALUES (6, 158817, 18919);
INSERT INTO Salary (SalaryID, GrossSalary, TotalDeductions) VALUES (7, 308246, 35838);
INSERT INTO Salary (SalaryID, GrossSalary, TotalDeductions) VALUES (8, 345187, 27867);
INSERT INTO Salary (SalaryID, GrossSalary, TotalDeductions) VALUES (9, 313081, 46006);
INSERT INTO Salary (SalaryID, GrossSalary, TotalDeductions) VALUES (10, 331580, 31288);
INSERT INTO Salary (SalaryID, GrossSalary, TotalDeductions) VALUES (11, 212380, 42290);
INSERT INTO Salary (SalaryID, GrossSalary, TotalDeductions) VALUES (12, 304623, 39238);
INSERT INTO Salary (SalaryID, GrossSalary, TotalDeductions) VALUES (13, 227371, 11093);
INSERT INTO Salary (SalaryID, GrossSalary, TotalDeductions) VALUES (14, 347612, 52964);
INSERT INTO Salary (SalaryID, GrossSalary, TotalDeductions) VALUES (15, 393839, 34281);
INSERT INTO Salary (SalaryID, GrossSalary, TotalDeductions) VALUES (16, 184486, 43785);
INSERT INTO Salary (SalaryID, GrossSalary, TotalDeductions) VALUES (17, 257143, 39625);
INSERT INTO Salary (SalaryID, GrossSalary, TotalDeductions) VALUES (18, 178890, 35910);
INSERT INTO Salary (SalaryID, GrossSalary, TotalDeductions) VALUES (19, 205662, 18045);
INSERT INTO Salary (SalaryID, GrossSalary, TotalDeductions) VALUES (20, 183284, 28286);
INSERT INTO Salary (SalaryID, GrossSalary, TotalDeductions) VALUES (21, 351613, 10272);
INSERT INTO Salary (SalaryID, GrossSalary, TotalDeductions) VALUES (22, 357792, 37791);
INSERT INTO Salary (SalaryID, GrossSalary, TotalDeductions) VALUES (23, 256742, 46897);
INSERT INTO Salary (SalaryID, GrossSalary, TotalDeductions) VALUES (24, 256531, 34788);
INSERT INTO Salary (SalaryID, GrossSalary, TotalDeductions) VALUES (25, 131235, 59230);
INSERT INTO Salary (SalaryID, GrossSalary, TotalDeductions) VALUES (26, 385865, 18898);
INSERT INTO Salary (SalaryID, GrossSalary, TotalDeductions) VALUES (27, 130409, 27644);
INSERT INTO Salary (SalaryID, GrossSalary, TotalDeductions) VALUES (28, 261878, 28957);
INSERT INTO Salary (SalaryID, GrossSalary, TotalDeductions) VALUES (29, 312719, 11472);
INSERT INTO Salary (SalaryID, GrossSalary, TotalDeductions) VALUES (30, 284857, 41565);
INSERT INTO Salary (SalaryID, GrossSalary, TotalDeductions) VALUES (31, 332133, 15220);
INSERT INTO Salary (SalaryID, GrossSalary, TotalDeductions) VALUES (32, 300787, 22968);
INSERT INTO Salary (SalaryID, GrossSalary, TotalDeductions) VALUES (33, 313710, 11736);
INSERT INTO Salary (SalaryID, GrossSalary, TotalDeductions) VALUES (34, 352870, 20739);
INSERT INTO Salary (SalaryID, GrossSalary, TotalDeductions) VALUES (35, 168456, 46494);
INSERT INTO Salary (SalaryID, GrossSalary, TotalDeductions) VALUES (36, 128985, 13233);
INSERT INTO Salary (SalaryID, GrossSalary, TotalDeductions) VALUES (37, 377945, 28514);
INSERT INTO Salary (SalaryID, GrossSalary, TotalDeductions) VALUES (38, 192042, 42968);
INSERT INTO Salary (SalaryID, GrossSalary, TotalDeductions) VALUES (39, 138755, 16206);
INSERT INTO Salary (SalaryID, GrossSalary, TotalDeductions) VALUES (40, 275191, 12757);
INSERT INTO Salary (SalaryID, GrossSalary, TotalDeductions) VALUES (41, 386499, 22031);
INSERT INTO Salary (SalaryID, GrossSalary, TotalDeductions) VALUES (42, 178826, 57175);
INSERT INTO Salary (SalaryID, GrossSalary, TotalDeductions) VALUES (43, 109941, 46790);
INSERT INTO Salary (SalaryID, GrossSalary, TotalDeductions) VALUES (44, 373667, 20739);
INSERT INTO Salary (SalaryID, GrossSalary, TotalDeductions) VALUES (45, 341170, 18596);
INSERT INTO Salary (SalaryID, GrossSalary, TotalDeductions) VALUES (46, 397982, 52496);
INSERT INTO Salary (SalaryID, GrossSalary, TotalDeductions) VALUES (47, 227017, 35529);
INSERT INTO Salary (SalaryID, GrossSalary, TotalDeductions) VALUES (48, 275377, 44443);
INSERT INTO Salary (SalaryID, GrossSalary, TotalDeductions) VALUES (49, 157298, 45342);
INSERT INTO Salary (SalaryID, GrossSalary, TotalDeductions) VALUES (50, 291487, 10059);
INSERT INTO Salary (SalaryID, GrossSalary, TotalDeductions) VALUES 
(51, 208754, 18635),
(52, 347512, 25784),
(53, 287593, 32694),
(54, 163728, 41562),
(55, 316245, 19475),
(56, 195380, 39402),
(57, 289371, 13753),
(58, 377192, 26783),
(59, 226948, 11847),
(60, 258375, 22456),
(61, 333619, 18594),
(62, 197485, 45213),
(63, 176392, 13486),
(64, 310248, 29184),
(65, 361784, 20683),
(66, 239657, 47391),
(67, 189475, 42689),
(68, 295836, 15243),
(69, 227191, 38523),
(70, 338295, 18169),
(71, 262839, 41938),
(72, 372648, 30526),
(73, 174839, 41983),
(74, 298736, 26571),
(75, 223759, 37692),
(76, 271845, 19403),
(77, 319456, 28853),
(78, 281937, 41627),
(79, 210382, 13486),
(80, 328547, 29564),
(81, 246381, 35273),
(82, 387294, 18654),
(83, 218475, 49682),
(84, 332589, 24183),
(85, 199847, 49271),
(86, 187492, 27484),
(87, 285371, 15938),
(88, 276183, 28457),
(89, 361829, 22584),
(90, 214957, 37192),
(91, 341287, 18639),
(92, 227164, 34895),
(93, 271984, 15782),
(94, 382749, 29753),
(95, 256394, 18456),
(96, 312586, 29167),
(97, 289473, 17528),
(98, 223857, 38394),
(99, 267491, 19847),
(100, 332876, 25673);



 

INSERT INTO Allowances (SalaryID, AllowanceID, BasicSalary, CompensatoryAllowance, HouseRent) VALUES (1, 1, 182272, 21764, 71878);
INSERT INTO Allowances (SalaryID, AllowanceID, BasicSalary, CompensatoryAllowance, HouseRent) VALUES (2, 2, 160539, 22019, 41475);
INSERT INTO Allowances (SalaryID, AllowanceID, BasicSalary, CompensatoryAllowance, HouseRent) VALUES (3, 3, 159073, 21312, 48358);
INSERT INTO Allowances (SalaryID, AllowanceID, BasicSalary, CompensatoryAllowance, HouseRent) VALUES (4, 4, 59173, 44421, 33480);
INSERT INTO Allowances (SalaryID, AllowanceID, BasicSalary, CompensatoryAllowance, HouseRent) VALUES (5, 5, 151352, 17655, 74738);
INSERT INTO Allowances (SalaryID, AllowanceID, BasicSalary, CompensatoryAllowance, HouseRent) VALUES (6, 6, 52373, 33396, 56317);
INSERT INTO Allowances (SalaryID, AllowanceID, BasicSalary, CompensatoryAllowance, HouseRent) VALUES (7, 7, 192239, 18743, 31517);
INSERT INTO Allowances (SalaryID, AllowanceID, BasicSalary, CompensatoryAllowance, HouseRent) VALUES (8, 8, 153441, 44112, 51664);
INSERT INTO Allowances (SalaryID, AllowanceID, BasicSalary, CompensatoryAllowance, HouseRent) VALUES (9, 9, 179684, 27108, 65329);
INSERT INTO Allowances (SalaryID, AllowanceID, BasicSalary, CompensatoryAllowance, HouseRent) VALUES (10, 10, 181675, 17989, 44186);
INSERT INTO Allowances (SalaryID, AllowanceID, BasicSalary, CompensatoryAllowance, HouseRent) VALUES (11, 11, 124188, 24705, 33488);
INSERT INTO Allowances (SalaryID, AllowanceID, BasicSalary, CompensatoryAllowance, HouseRent) VALUES (12, 12, 75522, 26990, 53258);
INSERT INTO Allowances (SalaryID, AllowanceID, BasicSalary, CompensatoryAllowance, HouseRent) VALUES (13, 13, 174396, 22773, 20847);
INSERT INTO Allowances (SalaryID, AllowanceID, BasicSalary, CompensatoryAllowance, HouseRent) VALUES (14, 14, 147057, 15647, 64029);
INSERT INTO Allowances (SalaryID, AllowanceID, BasicSalary, CompensatoryAllowance, HouseRent) VALUES (15, 15, 178270, 20545, 42582);
INSERT INTO Allowances (SalaryID, AllowanceID, BasicSalary, CompensatoryAllowance, HouseRent) VALUES (16, 16, 63259, 15437, 76106);
INSERT INTO Allowances (SalaryID, AllowanceID, BasicSalary, CompensatoryAllowance, HouseRent) VALUES (17, 17, 88188, 26086, 20464);
INSERT INTO Allowances (SalaryID, AllowanceID, BasicSalary, CompensatoryAllowance, HouseRent) VALUES (18, 18, 65306, 33293, 23113);
INSERT INTO Allowances (SalaryID, AllowanceID, BasicSalary, CompensatoryAllowance, HouseRent) VALUES (19, 19, 173219, 40471, 47953);
INSERT INTO Allowances (SalaryID, AllowanceID, BasicSalary, CompensatoryAllowance, HouseRent) VALUES (20, 20, 100610, 34250, 52257);
INSERT INTO Allowances (SalaryID, AllowanceID, BasicSalary, CompensatoryAllowance, HouseRent) VALUES (21, 21, 93438, 20338, 29141);
INSERT INTO Allowances (SalaryID, AllowanceID, BasicSalary, CompensatoryAllowance, HouseRent) VALUES (22, 22, 100202, 36314, 38457);
INSERT INTO Allowances (SalaryID, AllowanceID, BasicSalary, CompensatoryAllowance, HouseRent) VALUES (23, 23, 93630, 29787, 64249);
INSERT INTO Allowances (SalaryID, AllowanceID, BasicSalary, CompensatoryAllowance, HouseRent) VALUES (24, 24, 62696, 19431, 50791);
INSERT INTO Allowances (SalaryID, AllowanceID, BasicSalary, CompensatoryAllowance, HouseRent) VALUES (25, 25, 97034, 33371, 77799);
INSERT INTO Allowances (SalaryID, AllowanceID, BasicSalary, CompensatoryAllowance, HouseRent) VALUES (26, 26, 105907, 32286, 39064);
INSERT INTO Allowances (SalaryID, AllowanceID, BasicSalary, CompensatoryAllowance, HouseRent) VALUES (27, 27, 59406, 14090, 51871);
INSERT INTO Allowances (SalaryID, AllowanceID, BasicSalary, CompensatoryAllowance, HouseRent) VALUES (28, 28, 176005, 43786, 25498);
INSERT INTO Allowances (SalaryID, AllowanceID, BasicSalary, CompensatoryAllowance, HouseRent) VALUES (29, 29, 111673, 36635, 24021);
INSERT INTO Allowances (SalaryID, AllowanceID, BasicSalary, CompensatoryAllowance, HouseRent) VALUES (30, 30, 148699, 37429, 20038);
INSERT INTO Allowances (SalaryID, AllowanceID, BasicSalary, CompensatoryAllowance, HouseRent) VALUES (31, 31, 162901, 24705, 41649);
INSERT INTO Allowances (SalaryID, AllowanceID, BasicSalary, CompensatoryAllowance, HouseRent) VALUES (32, 32, 90621, 49921, 74950);
INSERT INTO Allowances (SalaryID, AllowanceID, BasicSalary, CompensatoryAllowance, HouseRent) VALUES (33, 33, 176334, 31655, 74393);
INSERT INTO Allowances (SalaryID, AllowanceID, BasicSalary, CompensatoryAllowance, HouseRent) VALUES (34, 34, 100407, 21741, 49125);
INSERT INTO Allowances (SalaryID, AllowanceID, BasicSalary, CompensatoryAllowance, HouseRent) VALUES (35, 35, 114284, 19289, 73052);
INSERT INTO Allowances (SalaryID, AllowanceID, BasicSalary, CompensatoryAllowance, HouseRent) VALUES (36, 36, 94328, 25962, 66457);
INSERT INTO Allowances (SalaryID, AllowanceID, BasicSalary, CompensatoryAllowance, HouseRent) VALUES (37, 37, 176398, 12832, 49119);
INSERT INTO Allowances (SalaryID, AllowanceID, BasicSalary, CompensatoryAllowance, HouseRent) VALUES (38, 38, 68535, 45363, 23709);
INSERT INTO Allowances (SalaryID, AllowanceID, BasicSalary, CompensatoryAllowance, HouseRent) VALUES (39, 39, 118444, 10544, 41108);
INSERT INTO Allowances (SalaryID, AllowanceID, BasicSalary, CompensatoryAllowance, HouseRent) VALUES (40, 40, 180048, 21046, 36939);
INSERT INTO Allowances (SalaryID, AllowanceID, BasicSalary, CompensatoryAllowance, HouseRent) VALUES (41, 41, 168115, 13193, 57698);
INSERT INTO Allowances (SalaryID, AllowanceID, BasicSalary, CompensatoryAllowance, HouseRent) VALUES (42, 42, 69249, 41614, 55175);
INSERT INTO Allowances (SalaryID, AllowanceID, BasicSalary, CompensatoryAllowance, HouseRent) VALUES (43, 43, 106717, 36008, 47873);
INSERT INTO Allowances (SalaryID, AllowanceID, BasicSalary, CompensatoryAllowance, HouseRent) VALUES (44, 44, 139024, 37941, 36945);
INSERT INTO Allowances (SalaryID, AllowanceID, BasicSalary, CompensatoryAllowance, HouseRent) VALUES (45, 45, 106046, 43811, 38977);
INSERT INTO Allowances (SalaryID, AllowanceID, BasicSalary, CompensatoryAllowance, HouseRent) VALUES (46, 46, 94630, 15857, 41815);
INSERT INTO Allowances (SalaryID, AllowanceID, BasicSalary, CompensatoryAllowance, HouseRent) VALUES (47, 47, 114203, 32971, 51691);
INSERT INTO Allowances (SalaryID, AllowanceID, BasicSalary, CompensatoryAllowance, HouseRent) VALUES (48, 48, 185984, 49721, 53652);
INSERT INTO Allowances (SalaryID, AllowanceID, BasicSalary, CompensatoryAllowance, HouseRent) VALUES (49, 49, 82601, 36707, 27234);
INSERT INTO Allowances (SalaryID, AllowanceID, BasicSalary, CompensatoryAllowance, HouseRent) VALUES (50, 50, 826790, 36007, 26234);
INSERT INTO Allowances (SalaryID, AllowanceID, BasicSalary, CompensatoryAllowance, HouseRent) VALUES (52, 52, 177543, 28934, 62457),
(53, 53, 193452, 28601, 51324),
(54, 54, 149562, 21937, 43891),
(55, 55, 168932, 38675, 59283),
(56, 56, 165721, 15786, 46781),
(57, 57, 182754, 32651, 58429),
(58, 58, 195329, 23571, 53961),
(59, 59, 177384, 29467, 48263),
(60, 60, 160937, 40673, 61579),
(61, 61, 173728, 25748, 52386),
(62, 62, 184527, 29466, 55628),
(63, 63, 188674, 17752, 40291),
(64, 64, 199526, 30965, 63478),
(65, 65, 191837, 27239, 54672),
(66, 66, 167432, 37492, 47391),
(67, 67, 173984, 32568, 50983),
(68, 68, 158734, 26973, 43478),
(69, 69, 177338, 34651, 49282),
(70, 70, 189543, 28934, 57381),
(71, 71, 176842, 25789, 48192),
(72, 72, 185729, 38267, 56892),
(73, 73, 169548, 32678, 50476),
(74, 74, 182739, 27844, 51933),
(75, 75, 159372, 29756, 42698),
(76, 76, 171628, 34192, 50872),
(77, 77, 198762, 28294, 58391),
(78, 78, 186542, 26438, 52763),
(79, 79, 172639, 29482, 48392),
(80, 80, 165742, 31984, 49872),
(81, 81, 179547, 27364, 51698),
(82, 82, 177843, 31972, 49273),
(83, 83, 158493, 36745, 48482),
(84, 84, 169752, 27845, 52739),
(85, 85, 175239, 32657, 51392),
(86, 86, 187349, 29478, 52982),
(87, 87, 176439, 30761, 51836),
(88, 88, 168372, 35286, 49382),
(89, 89, 182749, 27495, 50733),
(90, 90, 159274, 33246, 48492),
(91, 91, 163738, 29183, 49281),
(92, 92, 175293, 30824, 52982),
(93, 93, 166428, 35719, 47892),
(94, 94, 174392, 32947, 51234),
(95, 95, 161294, 28456, 49683),
(96, 96, 183592, 26782, 52392),
(97, 97, 158372, 31657, 48392),
(98, 98, 169285, 32864, 51782),
(99, 99, 172384, 28745, 50934),
(100, 100, 186372, 26382, 53294);

INSERT INTO Deductions (SalaryID, DeductionID, CPF_GP, TaxDeductions, BenevolentGroupInsurances) VALUES (1, 1, 3870, 5486, 5594);
INSERT INTO Deductions (SalaryID, DeductionID, CPF_GP, TaxDeductions, BenevolentGroupInsurances) VALUES (2, 2, 4576, 14134, 7651);
INSERT INTO Deductions (SalaryID, DeductionID, CPF_GP, TaxDeductions, BenevolentGroupInsurances) VALUES (3, 3, 2250, 7729, 8213);
INSERT INTO Deductions (SalaryID, DeductionID, CPF_GP, TaxDeductions, BenevolentGroupInsurances) VALUES (4, 4, 6923, 19548, 6063);
INSERT INTO Deductions (SalaryID, DeductionID, CPF_GP, TaxDeductions, BenevolentGroupInsurances) VALUES (5, 5, 2078, 26467, 3200);
INSERT INTO Deductions (SalaryID, DeductionID, CPF_GP, TaxDeductions, BenevolentGroupInsurances) VALUES (6, 6, 4090, 14936, 5673);
INSERT INTO Deductions (SalaryID, DeductionID, CPF_GP, TaxDeductions, BenevolentGroupInsurances) VALUES (7, 7, 3674, 23401, 1837);
INSERT INTO Deductions (SalaryID, DeductionID, CPF_GP, TaxDeductions, BenevolentGroupInsurances) VALUES (8, 8, 6023, 16402, 7512);
INSERT INTO Deductions (SalaryID, DeductionID, CPF_GP, TaxDeductions, BenevolentGroupInsurances) VALUES (9, 9, 5086, 11536, 3195);
INSERT INTO Deductions (SalaryID, DeductionID, CPF_GP, TaxDeductions, BenevolentGroupInsurances) VALUES (10, 10, 5467, 29532, 9337);
INSERT INTO Deductions (SalaryID, DeductionID, CPF_GP, TaxDeductions, BenevolentGroupInsurances) VALUES (11, 11, 9033, 23283, 2065);
INSERT INTO Deductions (SalaryID, DeductionID, CPF_GP, TaxDeductions, BenevolentGroupInsurances) VALUES (12, 12, 4306, 12254, 5539);
INSERT INTO Deductions (SalaryID, DeductionID, CPF_GP, TaxDeductions, BenevolentGroupInsurances) VALUES (13, 13, 4695, 15466, 3396);
INSERT INTO Deductions (SalaryID, DeductionID, CPF_GP, TaxDeductions, BenevolentGroupInsurances) VALUES (14, 14, 4368, 22782, 1556);
INSERT INTO Deductions (SalaryID, DeductionID, CPF_GP, TaxDeductions, BenevolentGroupInsurances) VALUES (15, 15, 4070, 24764, 3960);
INSERT INTO Deductions (SalaryID, DeductionID, CPF_GP, TaxDeductions, BenevolentGroupInsurances) VALUES (16, 16, 7221, 28117, 1632);
INSERT INTO Deductions (SalaryID, DeductionID, CPF_GP, TaxDeductions, BenevolentGroupInsurances) VALUES (17, 17, 6186, 29513, 3759);
INSERT INTO Deductions (SalaryID, DeductionID, CPF_GP, TaxDeductions, BenevolentGroupInsurances) VALUES (18, 18, 2883, 20717, 1023);
INSERT INTO Deductions (SalaryID, DeductionID, CPF_GP, TaxDeductions, BenevolentGroupInsurances) VALUES (19, 19, 2614, 17791, 5060);
INSERT INTO Deductions (SalaryID, DeductionID, CPF_GP, TaxDeductions, BenevolentGroupInsurances) VALUES (20, 20, 3971, 14305, 9486);
INSERT INTO Deductions (SalaryID, DeductionID, CPF_GP, TaxDeductions, BenevolentGroupInsurances) VALUES (21, 21, 2546, 29097, 3159);
INSERT INTO Deductions (SalaryID, DeductionID, CPF_GP, TaxDeductions, BenevolentGroupInsurances) VALUES (22, 22, 8044, 15376, 5169);
INSERT INTO Deductions (SalaryID, DeductionID, CPF_GP, TaxDeductions, BenevolentGroupInsurances) VALUES (23, 23, 5044, 13262, 2204);
INSERT INTO Deductions (SalaryID, DeductionID, CPF_GP, TaxDeductions, BenevolentGroupInsurances) VALUES (24, 24, 3954, 29719, 7296);
INSERT INTO Deductions (SalaryID, DeductionID, CPF_GP, TaxDeductions, BenevolentGroupInsurances) VALUES (25, 25, 8734, 8389, 6249);
INSERT INTO Deductions (SalaryID, DeductionID, CPF_GP, TaxDeductions, BenevolentGroupInsurances) VALUES (26, 26, 8394, 25089, 9755);
INSERT INTO Deductions (SalaryID, DeductionID, CPF_GP, TaxDeductions, BenevolentGroupInsurances) VALUES (27, 27, 4732, 15047, 3167);
INSERT INTO Deductions (SalaryID, DeductionID, CPF_GP, TaxDeductions, BenevolentGroupInsurances) VALUES (28, 28, 5152, 18688, 7834);
INSERT INTO Deductions (SalaryID, DeductionID, CPF_GP, TaxDeductions, BenevolentGroupInsurances) VALUES (29, 29, 3097, 19262, 4319);
INSERT INTO Deductions (SalaryID, DeductionID, CPF_GP, TaxDeductions, BenevolentGroupInsurances) VALUES (30, 30, 8383, 17796, 5276);
INSERT INTO Deductions (SalaryID, DeductionID, CPF_GP, TaxDeductions, BenevolentGroupInsurances) VALUES (31, 31, 4246, 10884, 8663);
INSERT INTO Deductions (SalaryID, DeductionID, CPF_GP, TaxDeductions, BenevolentGroupInsurances) VALUES (32, 32, 8578, 14383, 4851);
INSERT INTO Deductions (SalaryID, DeductionID, CPF_GP, TaxDeductions, BenevolentGroupInsurances) VALUES (33, 33, 9618, 29486, 4165);
INSERT INTO Deductions (SalaryID, DeductionID, CPF_GP, TaxDeductions, BenevolentGroupInsurances) VALUES (34, 34, 9637, 27672, 4223);
INSERT INTO Deductions (SalaryID, DeductionID, CPF_GP, TaxDeductions, BenevolentGroupInsurances) VALUES (35, 35, 9518, 21485, 9178);
INSERT INTO Deductions (SalaryID, DeductionID, CPF_GP, TaxDeductions, BenevolentGroupInsurances) VALUES (36, 36, 4770, 10898, 1667);
INSERT INTO Deductions (SalaryID, DeductionID, CPF_GP, TaxDeductions, BenevolentGroupInsurances) VALUES (37, 37, 6411, 25705, 1764);
INSERT INTO Deductions (SalaryID, DeductionID, CPF_GP, TaxDeductions, BenevolentGroupInsurances) VALUES (38, 38, 7280, 7089, 3347);
INSERT INTO Deductions (SalaryID, DeductionID, CPF_GP, TaxDeductions, BenevolentGroupInsurances) VALUES (39, 39, 9898, 16808, 7432);
INSERT INTO Deductions (SalaryID, DeductionID, CPF_GP, TaxDeductions, BenevolentGroupInsurances) VALUES (40, 40, 2710, 18502, 4021);
INSERT INTO Deductions (SalaryID, DeductionID, CPF_GP, TaxDeductions, BenevolentGroupInsurances) VALUES (41, 41, 5768, 5041, 5349);
INSERT INTO Deductions (SalaryID, DeductionID, CPF_GP, TaxDeductions, BenevolentGroupInsurances) VALUES (42, 42, 2023, 25923, 5427);
INSERT INTO Deductions (SalaryID, DeductionID, CPF_GP, TaxDeductions, BenevolentGroupInsurances) VALUES (43, 43, 7986, 15463, 3405);
INSERT INTO Deductions (SalaryID, DeductionID, CPF_GP, TaxDeductions, BenevolentGroupInsurances) VALUES (44, 44, 5689, 9962, 3956);
INSERT INTO Deductions (SalaryID, DeductionID, CPF_GP, TaxDeductions, BenevolentGroupInsurances) VALUES (45, 45, 9101, 23184, 7792);
INSERT INTO Deductions (SalaryID, DeductionID, CPF_GP, TaxDeductions, BenevolentGroupInsurances) VALUES (46, 46, 9803, 6423, 8771);
INSERT INTO Deductions (SalaryID, DeductionID, CPF_GP, TaxDeductions, BenevolentGroupInsurances) VALUES (47, 47, 2914, 29166, 8301);
INSERT INTO Deductions (SalaryID, DeductionID, CPF_GP, TaxDeductions, BenevolentGroupInsurances) VALUES (48, 48, 3272, 5726, 7799);
INSERT INTO Deductions (SalaryID, DeductionID, CPF_GP, TaxDeductions, BenevolentGroupInsurances) VALUES (49, 49, 9036, 29771, 7161);
INSERT INTO Deductions (SalaryID, DeductionID, CPF_GP, TaxDeductions, BenevolentGroupInsurances) VALUES (50, 50, 2829, 15522, 3547);
INSERT INTO Deductions (SalaryID, DeductionID, CPF_GP, TaxDeductions, BenevolentGroupInsurances) VALUES (51, 51, 7634, 11098, 4352),
(52, 52, 6258, 8822, 3749),
(53, 53, 8126, 13587, 5963),
(54, 54, 7205, 15749, 2897),
(55, 55, 5983, 11843, 7021),
(56, 56, 8332, 17347, 3289),
(57, 57, 7965, 14593, 4497),
(58, 58, 4803, 12039, 5238),
(59, 59, 9248, 14926, 3891),
(60, 60, 8793, 13278, 6758),
(61, 61, 7619, 11342, 5276),
(62, 62, 6791, 15293, 4568),
(63, 63, 5749, 16784, 3937),
(64, 64, 8924, 12875, 6123),
(65, 65, 8157, 14256, 5409),
(66, 66, 6372, 17643, 2947),
(67, 67, 9043, 15873, 4462),
(68, 68, 7765, 13452, 5398),
(69, 69, 7483, 12033, 6791),
(70, 70, 8602, 13629, 5823),
(71, 71, 6126, 15562, 3948),
(72, 72, 8473, 14825, 4436),
(73, 73, 9098, 11743, 5129),
(74, 74, 5826, 14125, 4887),
(75, 75, 7844, 13673, 6739),
(76, 76, 9296, 12075, 5163),
(77, 77, 6957, 16384, 4378),
(78, 78, 8721, 14192, 6725),
(79, 79, 6183, 15246, 3698),
(80, 80, 8582, 14795, 5301),
(81, 81, 7083, 13076, 4457),
(82, 82, 8115, 14377, 5893),
(83, 83, 8374, 15833, 4125),
(84, 84, 7836, 12457, 6478),
(85, 85, 9582, 13795, 5843),
(86, 86, 6321, 14623, 4336),
(87, 87, 8974, 12246, 4875),
(88, 88, 8147, 11984, 5137),
(89, 89, 7052, 13563, 3948),
(90, 90, 8624, 14257, 6479),
(91, 91, 9194, 11854, 5729),
(92, 92, 6783, 14692, 4398),
(93, 93, 7316, 13167, 4789),
(94, 94, 7946, 12689, 6842),
(95, 95, 8624, 11532, 5297),
(96, 96, 7173, 14527, 3619),
(97, 97, 8256, 12773, 5832),
(98, 98, 8395, 13384, 4476),
(99, 99, 7743, 14825, 6387),
(100, 100, 8037, 12846, 5378);




INSERT INTO Employee (EmployeeID, EMPName, JobTitle, Experience, DepartmentID, SalaryID) VALUES (1, 'Jahnzaib', 'Assistant Professor', 18, 1, 19);
INSERT INTO Employee (EmployeeID, EMPName, JobTitle, Experience, DepartmentID, SalaryID) VALUES (2, 'Ali Safina', 'Lab Instructor', 16, 7, 4);
INSERT INTO Employee (EmployeeID, EMPName, JobTitle, Experience, DepartmentID, SalaryID) VALUES (3, 'Kashmala', 'Professor', 13, 2, 31);
INSERT INTO Employee (EmployeeID, EMPName, JobTitle, Experience, DepartmentID, SalaryID) VALUES (4, 'Kamran', 'Assistant Professor', 16, 9, 38);
INSERT INTO Employee (EmployeeID, EMPName, JobTitle, Experience, DepartmentID, SalaryID) VALUES (5, 'Mohammad Amjad', 'Lab Instructor', 10, 8, 46);
INSERT INTO Employee (EmployeeID, EMPName, JobTitle, Experience, DepartmentID, SalaryID) VALUES (6, 'Mehboob', 'Lab Instructor', 15, 1, 40);
INSERT INTO Employee (EmployeeID, EMPName, JobTitle, Experience, DepartmentID, SalaryID) VALUES (7, 'Ali Ahmed', 'Assistant Professor', 15, 6, 30);
INSERT INTO Employee (EmployeeID, EMPName, JobTitle, Experience, DepartmentID, SalaryID) VALUES (8, 'Nimra', 'Professor', 14, 3, 3);
INSERT INTO Employee (EmployeeID, EMPName, JobTitle, Experience, DepartmentID, SalaryID) VALUES (9, 'Farah', 'Assistant Professor', 13, 2, 20);
INSERT INTO Employee (EmployeeID, EMPName, JobTitle, Experience, DepartmentID, SalaryID) VALUES (10, 'Ali Ahmed', 'Research Associate', 10, 8, 40);
INSERT INTO Employee (EmployeeID, EMPName, JobTitle, Experience, DepartmentID, SalaryID) VALUES (11, 'Qureshi', 'Assistant Professor', 5, 8, 42);
INSERT INTO Employee (EmployeeID, EMPName, JobTitle, Experience, DepartmentID, SalaryID) VALUES (12, 'Faisal', 'Research Associate', 20, 9, 6);
INSERT INTO Employee (EmployeeID, EMPName, JobTitle, Experience, DepartmentID, SalaryID) VALUES (13, 'Aina', 'Research Associate', 9, 8, 25);
INSERT INTO Employee (EmployeeID, EMPName, JobTitle, Experience, DepartmentID, SalaryID) VALUES (14, 'Ahmed', 'Research Associate', 11, 1, 48);
INSERT INTO Employee (EmployeeID, EMPName, JobTitle, Experience, DepartmentID, SalaryID) VALUES (15, 'Sami', 'Lab Instructor', 18, 5, 24);
INSERT INTO Employee (EmployeeID, EMPName, JobTitle, Experience, DepartmentID, SalaryID) VALUES (16, 'Bakhtawar', 'Research Associate', 20, 7, 26);
INSERT INTO Employee (EmployeeID, EMPName, JobTitle, Experience, DepartmentID, SalaryID) VALUES (17, 'Kashmala', 'Assistant Professor', 18, 3, 48);
INSERT INTO Employee (EmployeeID, EMPName, JobTitle, Experience, DepartmentID, SalaryID) VALUES (18, 'Mehrab', 'Lecturer', 11, 1, 47);
INSERT INTO Employee (EmployeeID, EMPName, JobTitle, Experience, DepartmentID, SalaryID) VALUES (19, 'Mohammad Amjad', 'Lab Instructor', 9, 1, 11);
INSERT INTO Employee (EmployeeID, EMPName, JobTitle, Experience, DepartmentID, SalaryID) VALUES (20, 'Muntaha', 'Professor', 20, 8, 37);
INSERT INTO Employee (EmployeeID, EMPName, JobTitle, Experience, DepartmentID, SalaryID) VALUES (21, 'Aina', 'Lecturer', 8, 9, 4);
INSERT INTO Employee (EmployeeID, EMPName, JobTitle, Experience, DepartmentID, SalaryID) VALUES (22, 'Zara', 'Research Associate', 6, 2, 9);
INSERT INTO Employee (EmployeeID, EMPName, JobTitle, Experience, DepartmentID, SalaryID) VALUES (23, 'Sana', 'Lecturer', 13, 7, 49);
INSERT INTO Employee (EmployeeID, EMPName, JobTitle, Experience, DepartmentID, SalaryID) VALUES (24, 'Bilal', 'Professor', 1, 9, 5);
INSERT INTO Employee (EmployeeID, EMPName, JobTitle, Experience, DepartmentID, SalaryID) VALUES (25, 'Hbiba', 'Research Associate', 17, 4, 19);
INSERT INTO Employee (EmployeeID, EMPName, JobTitle, Experience, DepartmentID, SalaryID) VALUES (26, 'Kanwal', 'Research Associate', 11, 1, 2);
INSERT INTO Employee (EmployeeID, EMPName, JobTitle, Experience, DepartmentID, SalaryID) VALUES (27, 'Jahnzaib', 'Assistant Professor', 12, 7, 33);
INSERT INTO Employee (EmployeeID, EMPName, JobTitle, Experience, DepartmentID, SalaryID) VALUES (28, 'Qureshi', 'Lecturer', 4, 1, 21);
INSERT INTO Employee (EmployeeID, EMPName, JobTitle, Experience, DepartmentID, SalaryID) VALUES (29, 'Imran', 'Lecturer', 16, 2, 4);
INSERT INTO Employee (EmployeeID, EMPName, JobTitle, Experience, DepartmentID, SalaryID) VALUES (30, 'Farah', 'Assistant Professor', 4, 9, 36);
INSERT INTO Employee (EmployeeID, EMPName, JobTitle, Experience, DepartmentID, SalaryID) VALUES (31, 'Ayesha', 'Professor', 1, 9, 25);
INSERT INTO Employee (EmployeeID, EMPName, JobTitle, Experience, DepartmentID, SalaryID) VALUES (32, 'Elena', 'Lecturer', 2, 8, 31);
INSERT INTO Employee (EmployeeID, EMPName, JobTitle, Experience, DepartmentID, SalaryID) VALUES (33, 'Zara', 'Professor', 20, 8, 39);
INSERT INTO Employee (EmployeeID, EMPName, JobTitle, Experience, DepartmentID, SalaryID) VALUES (34, 'Ali Safina', 'Lecturer', 13, 5, 10);
INSERT INTO Employee (EmployeeID, EMPName, JobTitle, Experience, DepartmentID, SalaryID) VALUES (35, 'Faisal', 'Lab Instructor', 7, 3, 40);
INSERT INTO Employee (EmployeeID, EMPName, JobTitle, Experience, DepartmentID, SalaryID) VALUES (36, 'Mehrab', 'Lab Instructor', 4, 7, 14);
INSERT INTO Employee (EmployeeID, EMPName, JobTitle, Experience, DepartmentID, SalaryID) VALUES (37, 'Hassan', 'Professor', 5, 2, 23);
INSERT INTO Employee (EmployeeID, EMPName, JobTitle, Experience, DepartmentID, SalaryID) VALUES (38, 'Ahmed', 'Lab Instructor', 13, 7, 47);
INSERT INTO Employee (EmployeeID, EMPName, JobTitle, Experience, DepartmentID, SalaryID) VALUES (39, 'Hassan', 'Professor', 9, 7, 26);
INSERT INTO Employee (EmployeeID, EMPName, JobTitle, Experience, DepartmentID, SalaryID) VALUES (40, 'Zara', 'Research Associate', 19, 8, 38);
INSERT INTO Employee (EmployeeID, EMPName, JobTitle, Experience, DepartmentID, SalaryID) VALUES (41, 'Faisal', 'Lab Instructor', 8, 7, 30);
INSERT INTO Employee (EmployeeID, EMPName, JobTitle, Experience, DepartmentID, SalaryID) VALUES (42, 'Kamran', 'Assistant Professor', 15, 5, 25);
INSERT INTO Employee (EmployeeID, EMPName, JobTitle, Experience, DepartmentID, SalaryID) VALUES (43, 'Muhammad Ali', 'Professor', 12, 6, 25);
INSERT INTO Employee (EmployeeID, EMPName, JobTitle, Experience, DepartmentID, SalaryID) VALUES (44, 'Nosheen', 'Professor', 3, 2, 15);
INSERT INTO Employee (EmployeeID, EMPName, JobTitle, Experience, DepartmentID, SalaryID) VALUES (45, 'Ali Safina', 'Professor', 15, 4, 8);
INSERT INTO Employee (EmployeeID, EMPName, JobTitle, Experience, DepartmentID, SalaryID) VALUES (46, 'Kashmala', 'Lecturer', 10, 3, 49);
INSERT INTO Employee (EmployeeID, EMPName, JobTitle, Experience, DepartmentID, SalaryID) VALUES (47, 'Kamran', 'Research Associate', 12, 7, 29);
INSERT INTO Employee (EmployeeID, EMPName, JobTitle, Experience, DepartmentID, SalaryID) VALUES (48, 'Sana', 'Research Associate', 8, 3, 42);
INSERT INTO Employee (EmployeeID, EMPName, JobTitle, Experience, DepartmentID, SalaryID) VALUES (49, 'Mehboob', 'Assistant Professor', 7, 7, 41);
INSERT INTO Employee (EmployeeID, EMPName, JobTitle, Experience, DepartmentID, SalaryID) VALUES (50, 'Mehboob', 'Assistant Professor', 18, 4, 7);
INSERT INTO Employee (EmployeeID, EMPName, JobTitle, Experience, DepartmentID, SalaryID) VALUES
(51, 'John Doe', 'Research Associate', 10, 6, 22),
(52, 'Jane Smith', 'Lab Instructor', 8, 3, 17),
(53, 'Michael Johnson', 'Assistant Professor', 15, 5, 35),
(54, 'Emily Davis', 'Professor', 20, 2, 44),
(55, 'Chris Wilson', 'Lecturer', 12, 7, 29),
(56, 'Sarah Brown', 'Lab Instructor', 7, 4, 18),
(57, 'David Lee', 'Research Associate', 9, 8, 31),
(58, 'Jennifer Anderson', 'Assistant Professor', 14, 1, 40),
(59, 'Daniel Martinez', 'Professor', 18, 9, 48),
(60, 'Lisa Taylor', 'Lab Instructor', 5, 3, 25),
(61, 'James Garcia', 'Research Associate', 11, 6, 37),
(62, 'Mary Rodriguez', 'Assistant Professor', 16, 2, 42),
(63, 'Robert Martinez', 'Lecturer', 8, 5, 16),
(64, 'Patricia Hernandez', 'Professor', 20, 7, 45),
(65, 'John Doe', 'Research Associate', 10, 6, 22),
(66, 'Jane Smith', 'Lab Instructor', 8, 3, 17),
(67, 'Michael Johnson', 'Assistant Professor', 15, 5, 35),
(68, 'Emily Davis', 'Professor', 20, 2, 44),
(69, 'Chris Wilson', 'Lecturer', 12, 7, 29),
(70, 'Sarah Brown', 'Lab Instructor', 7, 4, 18),
(71, 'David Lee', 'Research Associate', 9, 8, 31),
(72, 'Jennifer Anderson', 'Assistant Professor', 14, 1, 40),
(73, 'Daniel Martinez', 'Professor', 18, 9, 48),
(74, 'Lisa Taylor', 'Lab Instructor', 5, 3, 25),
(75, 'James Garcia', 'Research Associate', 11, 6, 37),
(76, 'Mary Rodriguez', 'Assistant Professor', 16, 2, 42),
(77, 'Robert Martinez', 'Lecturer', 8, 5, 16),
(78, 'Patricia Hernandez', 'Professor', 20, 7, 45),
(79, 'John Doe', 'Research Associate', 10, 6, 22),
(80, 'Jane Smith', 'Lab Instructor', 8, 3, 17),
(81, 'Michael Johnson', 'Assistant Professor', 15, 5, 35),
(82, 'Emily Davis', 'Professor', 20, 2, 44),
(83, 'Chris Wilson', 'Lecturer', 12, 7, 29),
(84, 'Sarah Brown', 'Lab Instructor', 7, 4, 18),
(85, 'David Lee', 'Research Associate', 9, 8, 31),
(86, 'Jennifer Anderson', 'Assistant Professor', 14, 1, 40),
(87, 'Daniel Martinez', 'Professor', 18, 9, 48),
(88, 'Lisa Taylor', 'Lab Instructor', 5, 3, 25),
(89, 'James Garcia', 'Research Associate', 11, 6, 37),
(90, 'Mary Rodriguez', 'Assistant Professor', 16, 2, 42),
(91, 'Robert Martinez', 'Lecturer', 8, 5, 16),
(92, 'Patricia Hernandez', 'Professor', 20, 7, 45),
(93, 'John Doe', 'Research Associate', 10, 6, 22),
(94, 'Jane Smith', 'Lab Instructor', 8, 3, 17),
(95, 'Michael Johnson', 'Assistant Professor', 15, 5, 35),
(96, 'Emily Davis', 'Professor', 20, 2, 44),
(97, 'Chris Wilson', 'Lecturer', 12, 7, 29),
(98, 'Sarah Brown', 'Lab Instructor', 7, 4, 18),
(99, 'David Lee', 'Research Associate', 9, 8, 31),
(100, 'Jennifer Anderson', 'Assistant Professor', 14, 1, 40);



INSERT INTO SalaryHistory (HistoryID, EmployeeID, SalaryID, Date, PreviousGrossSalary, PreviousNetSalary) VALUES (16, 1, 33, '2018-04-16', 279315, 268130);
INSERT INTO SalaryHistory (HistoryID, EmployeeID, SalaryID, Date, PreviousGrossSalary, PreviousNetSalary) VALUES (26, 1, 32, '2018-02-09', 389687, 353042);
INSERT INTO SalaryHistory (HistoryID, EmployeeID, SalaryID, Date, PreviousGrossSalary, PreviousNetSalary) VALUES (34, 1, 48, '2018-09-19', 345478, 321382);
INSERT INTO SalaryHistory (HistoryID, EmployeeID, SalaryID, Date, PreviousGrossSalary, PreviousNetSalary) VALUES (24, 1, 48, '2019-02-17', 310172, 286614);
INSERT INTO SalaryHistory (HistoryID, EmployeeID, SalaryID, Date, PreviousGrossSalary, PreviousNetSalary) VALUES (11, 1, 3, '2018-07-05', 370708, 311605);
INSERT INTO SalaryHistory (HistoryID, EmployeeID, SalaryID, Date, PreviousGrossSalary, PreviousNetSalary) VALUES (29, 2, 16, '2020-11-17', 335701, 322374);
INSERT INTO SalaryHistory (HistoryID, EmployeeID, SalaryID, Date, PreviousGrossSalary, PreviousNetSalary) VALUES (16, 2, 5, '2019-05-21', 373976, 361294);
INSERT INTO SalaryHistory (HistoryID, EmployeeID, SalaryID, Date, PreviousGrossSalary, PreviousNetSalary) VALUES (11, 2, 36, '2022-11-09', 354420, 298241);
INSERT INTO SalaryHistory (HistoryID, EmployeeID, SalaryID, Date, PreviousGrossSalary, PreviousNetSalary) VALUES (39, 2, 23, '2022-02-16', 296546, 239152);
INSERT INTO SalaryHistory (HistoryID, EmployeeID, SalaryID, Date, PreviousGrossSalary, PreviousNetSalary) VALUES (45, 2, 15, '2018-12-07', 395792, 366550);
INSERT INTO SalaryHistory (HistoryID, EmployeeID, SalaryID, Date, PreviousGrossSalary, PreviousNetSalary) VALUES (19, 3, 18, '2020-03-22', 128868, 78887);
INSERT INTO SalaryHistory (HistoryID, EmployeeID, SalaryID, Date, PreviousGrossSalary, PreviousNetSalary) VALUES (39, 3, 49, '2020-04-12', 121510, 101833);
INSERT INTO SalaryHistory (HistoryID, EmployeeID, SalaryID, Date, PreviousGrossSalary, PreviousNetSalary) VALUES (2, 3, 1, '2020-07-17', 267286, 227434);
INSERT INTO SalaryHistory (HistoryID, EmployeeID, SalaryID, Date, PreviousGrossSalary, PreviousNetSalary) VALUES (50, 3, 43, '2020-02-27', 395242, 376373);
INSERT INTO SalaryHistory (HistoryID, EmployeeID, SalaryID, Date, PreviousGrossSalary, PreviousNetSalary) VALUES (22, 3, 6, '2020-11-19', 251901, 196298);
INSERT INTO SalaryHistory (HistoryID, EmployeeID, SalaryID, Date, PreviousGrossSalary, PreviousNetSalary) VALUES (23, 4, 23, '2017-03-16', 298654, 273729);
INSERT INTO SalaryHistory (HistoryID, EmployeeID, SalaryID, Date, PreviousGrossSalary, PreviousNetSalary) VALUES (20, 4, 9, '2019-05-07', 288629, 272988);
INSERT INTO SalaryHistory (HistoryID, EmployeeID, SalaryID, Date, PreviousGrossSalary, PreviousNetSalary) VALUES (49, 4, 7, '2017-07-09', 322197, 273521);
INSERT INTO SalaryHistory (HistoryID, EmployeeID, SalaryID, Date, PreviousGrossSalary, PreviousNetSalary) VALUES (23, 4, 36, '2022-05-07', 197659, 184021);
INSERT INTO SalaryHistory (HistoryID, EmployeeID, SalaryID, Date, PreviousGrossSalary, PreviousNetSalary) VALUES (42, 4, 7, '2021-02-13', 296851, 237788);
INSERT INTO SalaryHistory (HistoryID, EmployeeID, SalaryID, Date, PreviousGrossSalary, PreviousNetSalary) VALUES (38, 5, 4, '2022-07-07', 241013, 201993);
INSERT INTO SalaryHistory (HistoryID, EmployeeID, SalaryID, Date, PreviousGrossSalary, PreviousNetSalary) VALUES (47, 5, 23, '2019-11-18', 174761, 162066);
INSERT INTO SalaryHistory (HistoryID, EmployeeID, SalaryID, Date, PreviousGrossSalary, PreviousNetSalary) VALUES (26, 5, 1, '2020-05-13', 187967, 151198);
INSERT INTO SalaryHistory (HistoryID, EmployeeID, SalaryID, Date, PreviousGrossSalary, PreviousNetSalary) VALUES (43, 5, 25, '2021-09-26', 243287, 198644);
INSERT INTO SalaryHistory (HistoryID, EmployeeID, SalaryID, Date, PreviousGrossSalary, PreviousNetSalary) VALUES (3, 5, 8, '2017-06-23', 262135, 227188);
INSERT INTO SalaryHistory (HistoryID, EmployeeID, SalaryID, Date, PreviousGrossSalary, PreviousNetSalary) VALUES (12, 6, 4, '2022-03-09', 183284, 134771);
INSERT INTO SalaryHistory (HistoryID, EmployeeID, SalaryID, Date, PreviousGrossSalary, PreviousNetSalary) VALUES (11, 6, 14, '2017-08-25', 195968, 180343);
INSERT INTO SalaryHistory (HistoryID, EmployeeID, SalaryID, Date, PreviousGrossSalary, PreviousNetSalary) VALUES (48, 6, 48, '2017-12-01', 306969, 294128);
INSERT INTO SalaryHistory (HistoryID, EmployeeID, SalaryID, Date, PreviousGrossSalary, PreviousNetSalary) VALUES (36, 6, 27, '2017-10-23', 376125, 344628);
INSERT INTO SalaryHistory (HistoryID, EmployeeID, SalaryID, Date, PreviousGrossSalary, PreviousNetSalary) VALUES (7, 6, 36, '2020-03-26', 166668, 130130);
INSERT INTO SalaryHistory (HistoryID, EmployeeID, SalaryID, Date, PreviousGrossSalary, PreviousNetSalary) VALUES (2, 7, 14, '2018-06-07', 264604, 206615);
INSERT INTO SalaryHistory (HistoryID, EmployeeID, SalaryID, Date, PreviousGrossSalary, PreviousNetSalary) VALUES (43, 7, 37, '2021-10-21', 289734, 270274);
INSERT INTO SalaryHistory (HistoryID, EmployeeID, SalaryID, Date, PreviousGrossSalary, PreviousNetSalary) VALUES (32, 7, 38, '2022-05-18', 211067, 172168);
INSERT INTO SalaryHistory (HistoryID, EmployeeID, SalaryID, Date, PreviousGrossSalary, PreviousNetSalary) VALUES (38, 7, 21, '2017-08-21', 233340, 200324);
INSERT INTO SalaryHistory (HistoryID, EmployeeID, SalaryID, Date, PreviousGrossSalary, PreviousNetSalary) VALUES (14, 7, 29, '2018-01-12', 246043, 202285);
INSERT INTO SalaryHistory (HistoryID, EmployeeID, SalaryID, Date, PreviousGrossSalary, PreviousNetSalary) VALUES (9, 8, 9, '2019-08-15', 314056, 265731);
INSERT INTO SalaryHistory (HistoryID, EmployeeID, SalaryID, Date, PreviousGrossSalary, PreviousNetSalary) VALUES (2, 8, 15, '2021-07-15', 251951, 228930);
INSERT INTO SalaryHistory (HistoryID, EmployeeID, SalaryID, Date, PreviousGrossSalary, PreviousNetSalary) VALUES (13, 8, 33, '2017-02-07', 125032, 108772);
INSERT INTO SalaryHistory (HistoryID, EmployeeID, SalaryID, Date, PreviousGrossSalary, PreviousNetSalary) VALUES (23, 8, 7, '2020-03-23', 122937, 67375);
INSERT INTO SalaryHistory (HistoryID, EmployeeID, SalaryID, Date, PreviousGrossSalary, PreviousNetSalary) VALUES (2, 8, 20, '2020-04-11', 203092, 150334);
INSERT INTO SalaryHistory (HistoryID, EmployeeID, SalaryID, Date, PreviousGrossSalary, PreviousNetSalary) VALUES (25, 9, 17, '2018-11-21', 279607, 248898);
INSERT INTO SalaryHistory (HistoryID, EmployeeID, SalaryID, Date, PreviousGrossSalary, PreviousNetSalary) VALUES (15, 9, 29, '2020-05-20', 259222, 226230);
INSERT INTO SalaryHistory (HistoryID, EmployeeID, SalaryID, Date, PreviousGrossSalary, PreviousNetSalary) VALUES (11, 9, 24, '2018-04-21', 141768, 83238);
INSERT INTO SalaryHistory (HistoryID, EmployeeID, SalaryID, Date, PreviousGrossSalary, PreviousNetSalary) VALUES (28, 9, 41, '2022-07-22', 331810, 305270);
INSERT INTO SalaryHistory (HistoryID, EmployeeID, SalaryID, Date, PreviousGrossSalary, PreviousNetSalary) VALUES (13, 9, 18, '2018-09-03', 365442, 314502);
INSERT INTO SalaryHistory (HistoryID, EmployeeID, SalaryID, Date, PreviousGrossSalary, PreviousNetSalary) VALUES (19, 10, 27, '2017-03-20', 309569, 256502);
INSERT INTO SalaryHistory (HistoryID, EmployeeID, SalaryID, Date, PreviousGrossSalary, PreviousNetSalary) VALUES (24, 10, 39, '2022-08-16', 382447, 360407);
INSERT INTO SalaryHistory (HistoryID, EmployeeID, SalaryID, Date, PreviousGrossSalary, PreviousNetSalary) VALUES (35, 10, 11, '2022-02-20', 181206, 140357);
INSERT INTO SalaryHistory (HistoryID, EmployeeID, SalaryID, Date, PreviousGrossSalary, PreviousNetSalary) VALUES (48, 10, 9, '2019-08-15', 208777, 190488);
INSERT INTO SalaryHistory (HistoryID, EmployeeID, SalaryID, Date, PreviousGrossSalary, PreviousNetSalary) VALUES (49, 10, 41, '2022-03-10', 379272, 319463);
INSERT INTO SalaryHistory (HistoryID, EmployeeID, SalaryID, Date, PreviousGrossSalary, PreviousNetSalary) VALUES (33, 11, 17, '2019-03-02', 233829, 176749);
INSERT INTO SalaryHistory (HistoryID, EmployeeID, SalaryID, Date, PreviousGrossSalary, PreviousNetSalary) VALUES (8, 11, 17, '2020-03-12', 168988, 147902);
INSERT INTO SalaryHistory (HistoryID, EmployeeID, SalaryID, Date, PreviousGrossSalary, PreviousNetSalary) VALUES (29, 11, 29, '2021-05-13', 222831, 203744);
INSERT INTO SalaryHistory (HistoryID, EmployeeID, SalaryID, Date, PreviousGrossSalary, PreviousNetSalary) VALUES (33, 11, 38, '2022-05-10', 261592, 245081);
INSERT INTO SalaryHistory (HistoryID, EmployeeID, SalaryID, Date, PreviousGrossSalary, PreviousNetSalary) VALUES (8, 11, 28, '2020-12-17', 100889, 50557);
INSERT INTO SalaryHistory (HistoryID, EmployeeID, SalaryID, Date, PreviousGrossSalary, PreviousNetSalary) VALUES (1, 12, 48, '2017-06-23', 185476, 168753);
INSERT INTO SalaryHistory (HistoryID, EmployeeID, SalaryID, Date, PreviousGrossSalary, PreviousNetSalary) VALUES (14, 12, 20, '2020-05-25', 198138, 141686);
INSERT INTO SalaryHistory (HistoryID, EmployeeID, SalaryID, Date, PreviousGrossSalary, PreviousNetSalary) VALUES (13, 12, 36, '2021-04-21', 283884, 256824);
INSERT INTO SalaryHistory (HistoryID, EmployeeID, SalaryID, Date, PreviousGrossSalary, PreviousNetSalary) VALUES (18, 12, 27, '2020-09-02', 307192, 269406);
INSERT INTO SalaryHistory (HistoryID, EmployeeID, SalaryID, Date, PreviousGrossSalary, PreviousNetSalary) VALUES (16, 12, 18, '2022-12-18', 189718, 158122);
INSERT INTO SalaryHistory (HistoryID, EmployeeID, SalaryID, Date, PreviousGrossSalary, PreviousNetSalary) VALUES (47, 13, 35, '2022-07-06', 217737, 192167);
INSERT INTO SalaryHistory (HistoryID, EmployeeID, SalaryID, Date, PreviousGrossSalary, PreviousNetSalary) VALUES (13, 13, 42, '2018-02-18', 356069, 301576);
INSERT INTO SalaryHistory (HistoryID, EmployeeID, SalaryID, Date, PreviousGrossSalary, PreviousNetSalary) VALUES (5, 13, 6, '2020-05-12', 324745, 284583);
INSERT INTO SalaryHistory (HistoryID, EmployeeID, SalaryID, Date, PreviousGrossSalary, PreviousNetSalary) VALUES (3, 13, 16, '2017-10-10', 325691, 299630);
INSERT INTO SalaryHistory (HistoryID, EmployeeID, SalaryID, Date, PreviousGrossSalary, PreviousNetSalary) VALUES (41, 13, 27, '2017-10-03', 119362, 107795);
INSERT INTO SalaryHistory (HistoryID, EmployeeID, SalaryID, Date, PreviousGrossSalary, PreviousNetSalary) VALUES (28, 14, 32, '2018-11-09', 290336, 262763);
INSERT INTO SalaryHistory (HistoryID, EmployeeID, SalaryID, Date, PreviousGrossSalary, PreviousNetSalary) VALUES (19, 14, 3, '2022-05-10', 252725, 238865);
INSERT INTO SalaryHistory (HistoryID, EmployeeID, SalaryID, Date, PreviousGrossSalary, PreviousNetSalary) VALUES (7, 14, 36, '2017-07-12', 107014, 54320);
INSERT INTO SalaryHistory (HistoryID, EmployeeID, SalaryID, Date, PreviousGrossSalary, PreviousNetSalary) VALUES (28, 14, 30, '2019-02-11', 186609, 143933);
INSERT INTO SalaryHistory (HistoryID, EmployeeID, SalaryID, Date, PreviousGrossSalary, PreviousNetSalary) VALUES (40, 14, 24, '2022-06-20', 322112, 297792);
INSERT INTO SalaryHistory (HistoryID, EmployeeID, SalaryID, Date, PreviousGrossSalary, PreviousNetSalary) VALUES (26, 15, 4, '2022-07-26', 155112, 141983);
INSERT INTO SalaryHistory (HistoryID, EmployeeID, SalaryID, Date, PreviousGrossSalary, PreviousNetSalary) VALUES (20, 15, 4, '2017-05-03', 391279, 333363);
INSERT INTO SalaryHistory (HistoryID, EmployeeID, SalaryID, Date, PreviousGrossSalary, PreviousNetSalary) VALUES (1, 15, 33, '2017-09-07', 359856, 300108);
INSERT INTO SalaryHistory (HistoryID, EmployeeID, SalaryID, Date, PreviousGrossSalary, PreviousNetSalary) VALUES (33, 15, 1, '2020-08-28', 375905, 319024);
INSERT INTO SalaryHistory (HistoryID, EmployeeID, SalaryID, Date, PreviousGrossSalary, PreviousNetSalary) VALUES (41, 15, 24, '2022-10-12', 370547, 334291);
INSERT INTO SalaryHistory (HistoryID, EmployeeID, SalaryID, Date, PreviousGrossSalary, PreviousNetSalary) VALUES (31, 16, 42, '2018-03-25', 389004, 350476);
INSERT INTO SalaryHistory (HistoryID, EmployeeID, SalaryID, Date, PreviousGrossSalary, PreviousNetSalary) VALUES (41, 16, 8, '2017-11-22', 193848, 150915);
INSERT INTO SalaryHistory (HistoryID, EmployeeID, SalaryID, Date, PreviousGrossSalary, PreviousNetSalary) VALUES (29, 16, 26, '2017-07-26', 169971, 128820);
INSERT INTO SalaryHistory (HistoryID, EmployeeID, SalaryID, Date, PreviousGrossSalary, PreviousNetSalary) VALUES (13, 16, 18, '2022-07-23', 349539, 304578);
INSERT INTO SalaryHistory (HistoryID, EmployeeID, SalaryID, Date, PreviousGrossSalary, PreviousNetSalary) VALUES (34, 16, 24, '2018-10-15', 118701, 87239);
INSERT INTO SalaryHistory (HistoryID, EmployeeID, SalaryID, Date, PreviousGrossSalary, PreviousNetSalary) VALUES (16, 17, 25, '2017-05-02', 266884, 241181);
INSERT INTO SalaryHistory (HistoryID, EmployeeID, SalaryID, Date, PreviousGrossSalary, PreviousNetSalary) VALUES (2, 17, 26, '2022-07-19', 392940, 336716);
INSERT INTO SalaryHistory (HistoryID, EmployeeID, SalaryID, Date, PreviousGrossSalary, PreviousNetSalary) VALUES (26, 17, 26, '2019-08-15', 207997, 162796);
INSERT INTO SalaryHistory (HistoryID, EmployeeID, SalaryID, Date, PreviousGrossSalary, PreviousNetSalary) VALUES (9, 17, 41, '2021-10-23', 316877, 305286);
INSERT INTO SalaryHistory (HistoryID, EmployeeID, SalaryID, Date, PreviousGrossSalary, PreviousNetSalary) VALUES (17, 17, 10, '2020-03-11', 245921, 193354);
INSERT INTO SalaryHistory (HistoryID, EmployeeID, SalaryID, Date, PreviousGrossSalary, PreviousNetSalary) VALUES (17, 18, 20, '2018-08-18', 158465, 132357);
INSERT INTO SalaryHistory (HistoryID, EmployeeID, SalaryID, Date, PreviousGrossSalary, PreviousNetSalary) VALUES (1, 18, 20, '2017-11-27', 261679, 203488);
INSERT INTO SalaryHistory (HistoryID, EmployeeID, SalaryID, Date, PreviousGrossSalary, PreviousNetSalary) VALUES (2, 18, 3, '2021-12-17', 298976, 270912);
INSERT INTO SalaryHistory (HistoryID, EmployeeID, SalaryID, Date, PreviousGrossSalary, PreviousNetSalary) VALUES (21, 18, 44, '2017-12-08', 134539, 82095);
INSERT INTO SalaryHistory (HistoryID, EmployeeID, SalaryID, Date, PreviousGrossSalary, PreviousNetSalary) VALUES (26, 18, 43, '2019-04-16', 205391, 164691);
INSERT INTO SalaryHistory (HistoryID, EmployeeID, SalaryID, Date, PreviousGrossSalary, PreviousNetSalary) VALUES (18, 19, 36, '2017-10-13', 178860, 123989);
INSERT INTO SalaryHistory (HistoryID, EmployeeID, SalaryID, Date, PreviousGrossSalary, PreviousNetSalary) VALUES (31, 19, 46, '2019-09-08', 358299, 323419);
INSERT INTO SalaryHistory (HistoryID, EmployeeID, SalaryID, Date, PreviousGrossSalary, PreviousNetSalary) VALUES (44, 19, 48, '2019-06-24', 235510, 213595);
INSERT INTO SalaryHistory (HistoryID, EmployeeID, SalaryID, Date, PreviousGrossSalary, PreviousNetSalary) VALUES (13, 19, 8, '2018-10-04', 192129, 138654);
INSERT INTO SalaryHistory (HistoryID, EmployeeID, SalaryID, Date, PreviousGrossSalary, PreviousNetSalary) VALUES (27, 19, 45, '2022-08-02', 155573, 101925);
INSERT INTO SalaryHistory (HistoryID, EmployeeID, SalaryID, Date, PreviousGrossSalary, PreviousNetSalary) VALUES (29, 20, 17, '2018-03-11', 309935, 295345);
INSERT INTO SalaryHistory (HistoryID, EmployeeID, SalaryID, Date, PreviousGrossSalary, PreviousNetSalary) VALUES (31, 20, 45, '2020-09-06', 322779, 290912);
INSERT INTO SalaryHistory (HistoryID, EmployeeID, SalaryID, Date, PreviousGrossSalary, PreviousNetSalary) VALUES (20, 20, 9, '2022-02-02', 199214, 185276);
INSERT INTO SalaryHistory (HistoryID, EmployeeID, SalaryID, Date, PreviousGrossSalary, PreviousNetSalary) VALUES (45, 20, 17, '2018-03-28', 196217, 176710);
INSERT INTO SalaryHistory (HistoryID, EmployeeID, SalaryID, Date, PreviousGrossSalary, PreviousNetSalary) VALUES (24, 20, 39, '2019-04-14', 238122, 192098);
INSERT INTO SalaryHistory (HistoryID, EmployeeID, SalaryID, Date, PreviousGrossSalary, PreviousNetSalary) VALUES (45, 21, 8, '2020-02-15', 150707, 107215);
INSERT INTO SalaryHistory (HistoryID, EmployeeID, SalaryID, Date, PreviousGrossSalary, PreviousNetSalary) VALUES (28, 21, 36, '2019-08-08', 111476, 95789);
INSERT INTO SalaryHistory (HistoryID, EmployeeID, SalaryID, Date, PreviousGrossSalary, PreviousNetSalary) VALUES (47, 21, 1, '2021-12-17', 157466, 120687);
INSERT INTO SalaryHistory (HistoryID, EmployeeID, SalaryID, Date, PreviousGrossSalary, PreviousNetSalary) VALUES (9, 21, 31, '2017-05-05', 194773, 165546);
INSERT INTO SalaryHistory (HistoryID, EmployeeID, SalaryID, Date, PreviousGrossSalary, PreviousNetSalary) VALUES (37, 21, 6, '2022-09-16', 242202, 198007);
INSERT INTO SalaryHistory (HistoryID, EmployeeID, SalaryID, Date, PreviousGrossSalary, PreviousNetSalary) VALUES (16, 22, 26, '2021-04-01', 131365, 75352);
INSERT INTO SalaryHistory (HistoryID, EmployeeID, SalaryID, Date, PreviousGrossSalary, PreviousNetSalary) VALUES (31, 22, 25, '2021-01-26', 108051, 87211);
INSERT INTO SalaryHistory (HistoryID, EmployeeID, SalaryID, Date, PreviousGrossSalary, PreviousNetSalary) VALUES (35, 22, 39, '2022-10-15', 333411, 295495);
INSERT INTO SalaryHistory (HistoryID, EmployeeID, SalaryID, Date, PreviousGrossSalary, PreviousNetSalary) VALUES (12, 22, 23, '2021-03-22', 354235, 306866);
INSERT INTO SalaryHistory (HistoryID, EmployeeID, SalaryID, Date, PreviousGrossSalary, PreviousNetSalary) VALUES (45, 22, 8, '2021-07-28', 306926, 296508);
INSERT INTO SalaryHistory (HistoryID, EmployeeID, SalaryID, Date, PreviousGrossSalary, PreviousNetSalary) VALUES (6, 23, 38, '2020-12-20', 299160, 256564);
INSERT INTO SalaryHistory (HistoryID, EmployeeID, SalaryID, Date, PreviousGrossSalary, PreviousNetSalary) VALUES (42, 23, 18, '2021-04-26', 196413, 165183);
INSERT INTO SalaryHistory (HistoryID, EmployeeID, SalaryID, Date, PreviousGrossSalary, PreviousNetSalary) VALUES (14, 23, 27, '2019-05-13', 108308, 72864);
INSERT INTO SalaryHistory (HistoryID, EmployeeID, SalaryID, Date, PreviousGrossSalary, PreviousNetSalary) VALUES (19, 23, 46, '2022-04-14', 253919, 223256);
INSERT INTO SalaryHistory (HistoryID, EmployeeID, SalaryID, Date, PreviousGrossSalary, PreviousNetSalary) VALUES (6, 23, 22, '2020-05-09', 390821, 369607);
INSERT INTO SalaryHistory (HistoryID, EmployeeID, SalaryID, Date, PreviousGrossSalary, PreviousNetSalary) VALUES (15, 24, 31, '2017-05-05', 251557, 217928);
INSERT INTO SalaryHistory (HistoryID, EmployeeID, SalaryID, Date, PreviousGrossSalary, PreviousNetSalary) VALUES (6, 24, 1, '2017-03-27', 353942, 295410);
INSERT INTO SalaryHistory (HistoryID, EmployeeID, SalaryID, Date, PreviousGrossSalary, PreviousNetSalary) VALUES (24, 24, 25, '2019-11-04', 137701, 108445);
INSERT INTO SalaryHistory (HistoryID, EmployeeID, SalaryID, Date, PreviousGrossSalary, PreviousNetSalary) VALUES (48, 24, 16, '2017-09-20', 130450, 101322);
INSERT INTO SalaryHistory (HistoryID, EmployeeID, SalaryID, Date, PreviousGrossSalary, PreviousNetSalary) VALUES (25, 24, 48, '2018-03-04', 192144, 134151);
INSERT INTO SalaryHistory (HistoryID, EmployeeID, SalaryID, Date, PreviousGrossSalary, PreviousNetSalary) VALUES (30, 25, 6, '2018-07-26', 356509, 338530);
INSERT INTO SalaryHistory (HistoryID, EmployeeID, SalaryID, Date, PreviousGrossSalary, PreviousNetSalary) VALUES (46, 25, 45, '2018-05-19', 334176, 299862);
INSERT INTO SalaryHistory (HistoryID, EmployeeID, SalaryID, Date, PreviousGrossSalary, PreviousNetSalary) VALUES (5, 25, 7, '2020-10-17', 322765, 306715);
INSERT INTO SalaryHistory (HistoryID, EmployeeID, SalaryID, Date, PreviousGrossSalary, PreviousNetSalary) VALUES (31, 25, 13, '2021-03-22', 253310, 225656);
INSERT INTO SalaryHistory (HistoryID, EmployeeID, SalaryID, Date, PreviousGrossSalary, PreviousNetSalary) VALUES (27, 25, 21, '2017-11-06', 316720, 258814);
INSERT INTO SalaryHistory (HistoryID, EmployeeID, SalaryID, Date, PreviousGrossSalary, PreviousNetSalary) VALUES (50, 26, 34, '2018-11-02', 145774, 132754);
INSERT INTO SalaryHistory (HistoryID, EmployeeID, SalaryID, Date, PreviousGrossSalary, PreviousNetSalary) VALUES (40, 26, 13, '2019-10-22', 235363, 178727);
INSERT INTO SalaryHistory (HistoryID, EmployeeID, SalaryID, Date, PreviousGrossSalary, PreviousNetSalary) VALUES (32, 26, 21, '2020-12-16', 109620, 93537);
INSERT INTO SalaryHistory (HistoryID, EmployeeID, SalaryID, Date, PreviousGrossSalary, PreviousNetSalary) VALUES (2, 26, 9, '2022-09-19', 303366, 250864);
INSERT INTO SalaryHistory (HistoryID, EmployeeID, SalaryID, Date, PreviousGrossSalary, PreviousNetSalary) VALUES (5, 26, 20, '2022-06-27', 139786, 109280);
INSERT INTO SalaryHistory (HistoryID, EmployeeID, SalaryID, Date, PreviousGrossSalary, PreviousNetSalary) VALUES (28, 27, 21, '2018-06-11', 181462, 135335);
INSERT INTO SalaryHistory (HistoryID, EmployeeID, SalaryID, Date, PreviousGrossSalary, PreviousNetSalary) VALUES (14, 27, 46, '2017-07-13', 262878, 216779);
INSERT INTO SalaryHistory (HistoryID, EmployeeID, SalaryID, Date, PreviousGrossSalary, PreviousNetSalary) VALUES (39, 27, 35, '2022-01-16', 156992, 132454);
INSERT INTO SalaryHistory (HistoryID, EmployeeID, SalaryID, Date, PreviousGrossSalary, PreviousNetSalary) VALUES (13, 27, 14, '2022-05-20', 263683, 209704);
INSERT INTO SalaryHistory (HistoryID, EmployeeID, SalaryID, Date, PreviousGrossSalary, PreviousNetSalary) VALUES (24, 27, 36, '2020-12-23', 126517, 110623);
INSERT INTO SalaryHistory (HistoryID, EmployeeID, SalaryID, Date, PreviousGrossSalary, PreviousNetSalary) VALUES (13, 28, 10, '2018-06-27', 262466, 237321);
INSERT INTO SalaryHistory (HistoryID, EmployeeID, SalaryID, Date, PreviousGrossSalary, PreviousNetSalary) VALUES (35, 28, 34, '2019-05-25', 207296, 169918);
INSERT INTO SalaryHistory (HistoryID, EmployeeID, SalaryID, Date, PreviousGrossSalary, PreviousNetSalary) VALUES (29, 28, 8, '2021-05-08', 256983, 245885);
INSERT INTO SalaryHistory (HistoryID, EmployeeID, SalaryID, Date, PreviousGrossSalary, PreviousNetSalary) VALUES (49, 28, 17, '2020-11-05', 201042, 165333);
INSERT INTO SalaryHistory (HistoryID, EmployeeID, SalaryID, Date, PreviousGrossSalary, PreviousNetSalary) VALUES (39, 28, 17, '2021-02-10', 352578, 301571);
INSERT INTO SalaryHistory (HistoryID, EmployeeID, SalaryID, Date, PreviousGrossSalary, PreviousNetSalary) VALUES (27, 29, 15, '2021-01-21', 378202, 358021);
INSERT INTO SalaryHistory (HistoryID, EmployeeID, SalaryID, Date, PreviousGrossSalary, PreviousNetSalary) VALUES (16, 29, 46, '2018-06-14', 376280, 361353);
INSERT INTO SalaryHistory (HistoryID, EmployeeID, SalaryID, Date, PreviousGrossSalary, PreviousNetSalary) VALUES (44, 29, 41, '2021-09-20', 309244, 273560);
INSERT INTO SalaryHistory (HistoryID, EmployeeID, SalaryID, Date, PreviousGrossSalary, PreviousNetSalary) VALUES (49, 29, 24, '2021-09-24', 344109, 297074);
INSERT INTO SalaryHistory (HistoryID, EmployeeID, SalaryID, Date, PreviousGrossSalary, PreviousNetSalary) VALUES (16, 29, 31, '2022-06-27', 283877, 235051);
INSERT INTO SalaryHistory (HistoryID, EmployeeID, SalaryID, Date, PreviousGrossSalary, PreviousNetSalary) VALUES (35, 30, 30, '2022-08-19', 299234, 246594);
INSERT INTO SalaryHistory (HistoryID, EmployeeID, SalaryID, Date, PreviousGrossSalary, PreviousNetSalary) VALUES (15, 30, 23, '2017-06-17', 296093, 268602);
INSERT INTO SalaryHistory (HistoryID, EmployeeID, SalaryID, Date, PreviousGrossSalary, PreviousNetSalary) VALUES (47, 30, 5, '2018-04-17', 358324, 311714);
INSERT INTO SalaryHistory (HistoryID, EmployeeID, SalaryID, Date, PreviousGrossSalary, PreviousNetSalary) VALUES (2, 30, 29, '2020-01-01', 326407, 301562);
INSERT INTO SalaryHistory (HistoryID, EmployeeID, SalaryID, Date, PreviousGrossSalary, PreviousNetSalary) VALUES (11, 30, 40, '2021-04-14', 270186, 238969);
INSERT INTO SalaryHistory (HistoryID, EmployeeID, SalaryID, Date, PreviousGrossSalary, PreviousNetSalary) VALUES (34, 31, 17, '2022-01-12', 103005, 75442);
INSERT INTO SalaryHistory (HistoryID, EmployeeID, SalaryID, Date, PreviousGrossSalary, PreviousNetSalary) VALUES (34, 31, 45, '2022-01-07', 348615, 321879);
INSERT INTO SalaryHistory (HistoryID, EmployeeID, SalaryID, Date, PreviousGrossSalary, PreviousNetSalary) VALUES (18, 31, 3, '2020-09-11', 319146, 273555);
INSERT INTO SalaryHistory (HistoryID, EmployeeID, SalaryID, Date, PreviousGrossSalary, PreviousNetSalary) VALUES (31, 31, 11, '2019-03-23', 293940, 258033);
INSERT INTO SalaryHistory (HistoryID, EmployeeID, SalaryID, Date, PreviousGrossSalary, PreviousNetSalary) VALUES (28, 31, 12, '2019-02-25', 182794, 130270);
INSERT INTO SalaryHistory (HistoryID, EmployeeID, SalaryID, Date, PreviousGrossSalary, PreviousNetSalary) VALUES (4, 32, 27, '2018-03-03', 274651, 225138);
INSERT INTO SalaryHistory (HistoryID, EmployeeID, SalaryID, Date, PreviousGrossSalary, PreviousNetSalary) VALUES (6, 32, 20, '2017-06-28', 273707, 258156);
INSERT INTO SalaryHistory (HistoryID, EmployeeID, SalaryID, Date, PreviousGrossSalary, PreviousNetSalary) VALUES (10, 32, 25, '2021-11-15', 279103, 268047);
INSERT INTO SalaryHistory (HistoryID, EmployeeID, SalaryID, Date, PreviousGrossSalary, PreviousNetSalary) VALUES (9, 32, 40, '2021-01-22', 257039, 205361);
INSERT INTO SalaryHistory (HistoryID, EmployeeID, SalaryID, Date, PreviousGrossSalary, PreviousNetSalary) VALUES (7, 32, 27, '2022-02-23', 278551, 241659);
INSERT INTO SalaryHistory (HistoryID, EmployeeID, SalaryID, Date, PreviousGrossSalary, PreviousNetSalary) VALUES (26, 33, 25, '2019-08-22', 392267, 335976);
INSERT INTO SalaryHistory (HistoryID, EmployeeID, SalaryID, Date, PreviousGrossSalary, PreviousNetSalary) VALUES (34, 33, 35, '2021-01-06', 261687, 205526);
INSERT INTO SalaryHistory (HistoryID, EmployeeID, SalaryID, Date, PreviousGrossSalary, PreviousNetSalary) VALUES (34, 33, 32, '2017-06-27', 390104, 344780);
INSERT INTO SalaryHistory (HistoryID, EmployeeID, SalaryID, Date, PreviousGrossSalary, PreviousNetSalary) VALUES (7, 33, 44, '2020-04-21', 235067, 212306);
INSERT INTO SalaryHistory (HistoryID, EmployeeID, SalaryID, Date, PreviousGrossSalary, PreviousNetSalary) VALUES (31, 33, 8, '2019-02-22', 342170, 312597);
INSERT INTO SalaryHistory (HistoryID, EmployeeID, SalaryID, Date, PreviousGrossSalary, PreviousNetSalary) VALUES (9, 34, 22, '2020-09-22', 175010, 128746);
INSERT INTO SalaryHistory (HistoryID, EmployeeID, SalaryID, Date, PreviousGrossSalary, PreviousNetSalary) VALUES (42, 34, 19, '2021-07-04', 236968, 185877);
INSERT INTO SalaryHistory (HistoryID, EmployeeID, SalaryID, Date, PreviousGrossSalary, PreviousNetSalary) VALUES (16, 34, 39, '2017-10-05', 325619, 284176);
INSERT INTO SalaryHistory (HistoryID, EmployeeID, SalaryID, Date, PreviousGrossSalary, PreviousNetSalary) VALUES (49, 34, 26, '2020-08-13', 227438, 168495);
INSERT INTO SalaryHistory (HistoryID, EmployeeID, SalaryID, Date, PreviousGrossSalary, PreviousNetSalary) VALUES (25, 34, 20, '2020-09-09', 275983, 265728);
INSERT INTO SalaryHistory (HistoryID, EmployeeID, SalaryID, Date, PreviousGrossSalary, PreviousNetSalary) VALUES (24, 35, 26, '2022-08-07', 152567, 139615);
INSERT INTO SalaryHistory (HistoryID, EmployeeID, SalaryID, Date, PreviousGrossSalary, PreviousNetSalary) VALUES (34, 35, 47, '2020-01-14', 373410, 347689);
INSERT INTO SalaryHistory (HistoryID, EmployeeID, SalaryID, Date, PreviousGrossSalary, PreviousNetSalary) VALUES (22, 35, 6, '2022-01-27', 307632, 278986);
INSERT INTO SalaryHistory (HistoryID, EmployeeID, SalaryID, Date, PreviousGrossSalary, PreviousNetSalary) VALUES (35, 35, 43, '2022-03-09', 307779, 291315);
INSERT INTO SalaryHistory (HistoryID, EmployeeID, SalaryID, Date, PreviousGrossSalary, PreviousNetSalary) VALUES (30, 35, 49, '2017-06-16', 116950, 105465);
INSERT INTO SalaryHistory (HistoryID, EmployeeID, SalaryID, Date, PreviousGrossSalary, PreviousNetSalary) VALUES (50, 36, 2, '2019-08-13', 396580, 343216);
INSERT INTO SalaryHistory (HistoryID, EmployeeID, SalaryID, Date, PreviousGrossSalary, PreviousNetSalary) VALUES (46, 36, 43, '2019-12-06', 185440, 153759);
INSERT INTO SalaryHistory (HistoryID, EmployeeID, SalaryID, Date, PreviousGrossSalary, PreviousNetSalary) VALUES (42, 36, 49, '2019-06-28', 340802, 323842);
INSERT INTO SalaryHistory (HistoryID, EmployeeID, SalaryID, Date, PreviousGrossSalary, PreviousNetSalary) VALUES (35, 36, 25, '2022-02-05', 137640, 119291);
INSERT INTO SalaryHistory (HistoryID, EmployeeID, SalaryID, Date, PreviousGrossSalary, PreviousNetSalary) VALUES (31, 36, 7, '2020-05-11', 132977, 94371);
INSERT INTO SalaryHistory (HistoryID, EmployeeID, SalaryID, Date, PreviousGrossSalary, PreviousNetSalary) VALUES (30, 37, 46, '2019-10-25', 364767, 330628);
INSERT INTO SalaryHistory (HistoryID, EmployeeID, SalaryID, Date, PreviousGrossSalary, PreviousNetSalary) VALUES (36, 37, 23, '2019-05-16', 381803, 352222);
INSERT INTO SalaryHistory (HistoryID, EmployeeID, SalaryID, Date, PreviousGrossSalary, PreviousNetSalary) VALUES (17, 37, 9, '2022-10-19', 328802, 281177);
INSERT INTO SalaryHistory (HistoryID, EmployeeID, SalaryID, Date, PreviousGrossSalary, PreviousNetSalary) VALUES (46, 37, 1, '2022-06-25', 157013, 122737);
INSERT INTO SalaryHistory (HistoryID, EmployeeID, SalaryID, Date, PreviousGrossSalary, PreviousNetSalary) VALUES (32, 37, 15, '2021-09-18', 279977, 234413);
INSERT INTO SalaryHistory (HistoryID, EmployeeID, SalaryID, Date, PreviousGrossSalary, PreviousNetSalary) VALUES (1, 38, 40, '2019-02-23', 149232, 136611);
INSERT INTO SalaryHistory (HistoryID, EmployeeID, SalaryID, Date, PreviousGrossSalary, PreviousNetSalary) VALUES (21, 38, 9, '2022-01-10', 119552, 60618);
INSERT INTO SalaryHistory (HistoryID, EmployeeID, SalaryID, Date, PreviousGrossSalary, PreviousNetSalary) VALUES (43, 38, 5, '2022-01-26', 204069, 158572);
INSERT INTO SalaryHistory (HistoryID, EmployeeID, SalaryID, Date, PreviousGrossSalary, PreviousNetSalary) VALUES (12, 38, 29, '2019-05-24', 267278, 236346);
INSERT INTO SalaryHistory (HistoryID, EmployeeID, SalaryID, Date, PreviousGrossSalary, PreviousNetSalary) VALUES (39, 38, 16, '2020-07-02', 293445, 267146);
INSERT INTO SalaryHistory (HistoryID, EmployeeID, SalaryID, Date, PreviousGrossSalary, PreviousNetSalary) VALUES (26, 39, 38, '2021-05-09', 214553, 168513);
INSERT INTO SalaryHistory (HistoryID, EmployeeID, SalaryID, Date, PreviousGrossSalary, PreviousNetSalary) VALUES (36, 39, 41, '2021-10-04', 395833, 344074);
INSERT INTO SalaryHistory (HistoryID, EmployeeID, SalaryID, Date, PreviousGrossSalary, PreviousNetSalary) VALUES (17, 39, 14, '2022-07-02', 373979, 322347);
INSERT INTO SalaryHistory (HistoryID, EmployeeID, SalaryID, Date, PreviousGrossSalary, PreviousNetSalary) VALUES (12, 39, 49, '2022-04-20', 276742, 232757);
INSERT INTO SalaryHistory (HistoryID, EmployeeID, SalaryID, Date, PreviousGrossSalary, PreviousNetSalary) VALUES (6, 39, 21, '2017-04-24', 337200, 325909);
INSERT INTO SalaryHistory (HistoryID, EmployeeID, SalaryID, Date, PreviousGrossSalary, PreviousNetSalary) VALUES (49, 40, 39, '2017-05-27', 179959, 128816);
INSERT INTO SalaryHistory (HistoryID, EmployeeID, SalaryID, Date, PreviousGrossSalary, PreviousNetSalary) VALUES (37, 40, 47, '2019-01-20', 163147, 116539);
INSERT INTO SalaryHistory (HistoryID, EmployeeID, SalaryID, Date, PreviousGrossSalary, PreviousNetSalary) VALUES (14, 40, 6, '2021-11-06', 214201, 181439);
INSERT INTO SalaryHistory (HistoryID, EmployeeID, SalaryID, Date, PreviousGrossSalary, PreviousNetSalary) VALUES (39, 40, 44, '2019-07-24', 204932, 147309);
INSERT INTO SalaryHistory (HistoryID, EmployeeID, SalaryID, Date, PreviousGrossSalary, PreviousNetSalary) VALUES (28, 40, 28, '2021-05-26', 195272, 160142);
INSERT INTO SalaryHistory (HistoryID, EmployeeID, SalaryID, Date, PreviousGrossSalary, PreviousNetSalary) VALUES (22, 41, 16, '2020-11-03', 301567, 241738);
INSERT INTO SalaryHistory (HistoryID, EmployeeID, SalaryID, Date, PreviousGrossSalary, PreviousNetSalary) VALUES (19, 41, 31, '2021-01-21', 118313, 80859);
INSERT INTO SalaryHistory (HistoryID, EmployeeID, SalaryID, Date, PreviousGrossSalary, PreviousNetSalary) VALUES (30, 41, 2, '2022-11-04', 360123, 315924);
INSERT INTO SalaryHistory (HistoryID, EmployeeID, SalaryID, Date, PreviousGrossSalary, PreviousNetSalary) VALUES (20, 41, 9, '2020-01-09', 324360, 306675);
INSERT INTO SalaryHistory (HistoryID, EmployeeID, SalaryID, Date, PreviousGrossSalary, PreviousNetSalary) VALUES (27, 41, 45, '2018-08-18', 200884, 175940);
INSERT INTO SalaryHistory (HistoryID, EmployeeID, SalaryID, Date, PreviousGrossSalary, PreviousNetSalary) VALUES (40, 42, 49, '2019-12-13', 234822, 208912);
INSERT INTO SalaryHistory (HistoryID, EmployeeID, SalaryID, Date, PreviousGrossSalary, PreviousNetSalary) VALUES (8, 42, 29, '2020-03-19', 196214, 136608);
INSERT INTO SalaryHistory (HistoryID, EmployeeID, SalaryID, Date, PreviousGrossSalary, PreviousNetSalary) VALUES (7, 42, 11, '2020-05-28', 268241, 226426);
INSERT INTO SalaryHistory (HistoryID, EmployeeID, SalaryID, Date, PreviousGrossSalary, PreviousNetSalary) VALUES (45, 42, 23, '2022-05-14', 318584, 300270);
INSERT INTO SalaryHistory (HistoryID, EmployeeID, SalaryID, Date, PreviousGrossSalary, PreviousNetSalary) VALUES (14, 42, 26, '2020-11-19', 277555, 242472);
INSERT INTO SalaryHistory (HistoryID, EmployeeID, SalaryID, Date, PreviousGrossSalary, PreviousNetSalary) VALUES (43, 43, 6, '2017-10-24', 301617, 266888);
INSERT INTO SalaryHistory (HistoryID, EmployeeID, SalaryID, Date, PreviousGrossSalary, PreviousNetSalary) VALUES (35, 43, 40, '2018-05-02', 346686, 315803);
INSERT INTO SalaryHistory (HistoryID, EmployeeID, SalaryID, Date, PreviousGrossSalary, PreviousNetSalary) VALUES (44, 43, 17, '2020-10-21', 252889, 241015);
INSERT INTO SalaryHistory (HistoryID, EmployeeID, SalaryID, Date, PreviousGrossSalary, PreviousNetSalary) VALUES (32, 43, 35, '2020-05-03', 144090, 96730);
INSERT INTO SalaryHistory (HistoryID, EmployeeID, SalaryID, Date, PreviousGrossSalary, PreviousNetSalary) VALUES (27, 43, 38, '2019-08-09', 113710, 76925);
INSERT INTO SalaryHistory (HistoryID, EmployeeID, SalaryID, Date, PreviousGrossSalary, PreviousNetSalary) VALUES (28, 44, 36, '2017-03-08', 133363, 77726);
INSERT INTO SalaryHistory (HistoryID, EmployeeID, SalaryID, Date, PreviousGrossSalary, PreviousNetSalary) VALUES (11, 44, 15, '2020-11-23', 256618, 237681);
INSERT INTO SalaryHistory (HistoryID, EmployeeID, SalaryID, Date, PreviousGrossSalary, PreviousNetSalary) VALUES (44, 44, 30, '2022-05-18', 132998, 76716);
INSERT INTO SalaryHistory (HistoryID, EmployeeID, SalaryID, Date, PreviousGrossSalary, PreviousNetSalary) VALUES (49, 44, 41, '2020-05-16', 140373, 100212);
INSERT INTO SalaryHistory (HistoryID, EmployeeID, SalaryID, Date, PreviousGrossSalary, PreviousNetSalary) VALUES (37, 44, 4, '2022-03-12', 370802, 340351);
INSERT INTO SalaryHistory (HistoryID, EmployeeID, SalaryID, Date, PreviousGrossSalary, PreviousNetSalary) VALUES (37, 45, 7, '2017-06-08', 199044, 171551);
INSERT INTO SalaryHistory (HistoryID, EmployeeID, SalaryID, Date, PreviousGrossSalary, PreviousNetSalary) VALUES (25, 45, 25, '2020-11-16', 351996, 319012);
INSERT INTO SalaryHistory (HistoryID, EmployeeID, SalaryID, Date, PreviousGrossSalary, PreviousNetSalary) VALUES (15, 45, 27, '2018-12-23', 138474, 122248);
INSERT INTO SalaryHistory (HistoryID, EmployeeID, SalaryID, Date, PreviousGrossSalary, PreviousNetSalary) VALUES (42, 45, 45, '2018-05-21', 244829, 193583);
INSERT INTO SalaryHistory (HistoryID, EmployeeID, SalaryID, Date, PreviousGrossSalary, PreviousNetSalary) VALUES (18, 45, 19, '2019-05-10', 330227, 309462);
INSERT INTO SalaryHistory (HistoryID, EmployeeID, SalaryID, Date, PreviousGrossSalary, PreviousNetSalary) VALUES (18, 46, 5, '2020-02-06', 315978, 281009);
INSERT INTO SalaryHistory (HistoryID, EmployeeID, SalaryID, Date, PreviousGrossSalary, PreviousNetSalary) VALUES (2, 46, 6, '2022-07-15', 318197, 258623);
INSERT INTO SalaryHistory (HistoryID, EmployeeID, SalaryID, Date, PreviousGrossSalary, PreviousNetSalary) VALUES (28, 46, 32, '2019-12-06', 225396, 182696);
INSERT INTO SalaryHistory (HistoryID, EmployeeID, SalaryID, Date, PreviousGrossSalary, PreviousNetSalary) VALUES (17, 46, 18, '2021-08-26', 193968, 171724);
INSERT INTO SalaryHistory (HistoryID, EmployeeID, SalaryID, Date, PreviousGrossSalary, PreviousNetSalary) VALUES (7, 46, 45, '2022-06-21', 376124, 317462);
INSERT INTO SalaryHistory (HistoryID, EmployeeID, SalaryID, Date, PreviousGrossSalary, PreviousNetSalary) VALUES (28, 47, 49, '2022-12-24', 111006, 56517);
INSERT INTO SalaryHistory (HistoryID, EmployeeID, SalaryID, Date, PreviousGrossSalary, PreviousNetSalary) VALUES (42, 47, 31, '2020-10-08', 330352, 319823);
INSERT INTO SalaryHistory (HistoryID, EmployeeID, SalaryID, Date, PreviousGrossSalary, PreviousNetSalary) VALUES (35, 47, 27, '2017-08-27', 137592, 125968);
INSERT INTO SalaryHistory (HistoryID, EmployeeID, SalaryID, Date, PreviousGrossSalary, PreviousNetSalary) VALUES (26, 47, 17, '2019-04-01', 311698, 274500);
INSERT INTO SalaryHistory (HistoryID, EmployeeID, SalaryID, Date, PreviousGrossSalary, PreviousNetSalary) VALUES (6, 47, 40, '2020-11-14', 191688, 146675);
INSERT INTO SalaryHistory (HistoryID, EmployeeID, SalaryID, Date, PreviousGrossSalary, PreviousNetSalary) VALUES (7, 48, 26, '2019-08-08', 183718, 127103);
INSERT INTO SalaryHistory (HistoryID, EmployeeID, SalaryID, Date, PreviousGrossSalary, PreviousNetSalary) VALUES (38, 48, 5, '2019-02-28', 278027, 226308);
INSERT INTO SalaryHistory (HistoryID, EmployeeID, SalaryID, Date, PreviousGrossSalary, PreviousNetSalary) VALUES (29, 48, 45, '2022-06-08', 155000, 113296);
INSERT INTO SalaryHistory (HistoryID, EmployeeID, SalaryID, Date, PreviousGrossSalary, PreviousNetSalary) VALUES (19, 48, 38, '2019-04-24', 334080, 278561);
INSERT INTO SalaryHistory (HistoryID, EmployeeID, SalaryID, Date, PreviousGrossSalary, PreviousNetSalary) VALUES (4, 48, 22, '2020-10-27', 204505, 157345);
INSERT INTO SalaryHistory (HistoryID, EmployeeID, SalaryID, Date, PreviousGrossSalary, PreviousNetSalary) VALUES (1, 49, 24, '2021-02-25', 141482, 85095);
INSERT INTO SalaryHistory (HistoryID, EmployeeID, SalaryID, Date, PreviousGrossSalary, PreviousNetSalary) VALUES (8, 49, 47, '2017-06-22', 264113, 250555);
INSERT INTO SalaryHistory (HistoryID, EmployeeID, SalaryID, Date, PreviousGrossSalary, PreviousNetSalary) VALUES (18, 49, 19, '2021-03-03', 210032, 174935);
INSERT INTO SalaryHistory (HistoryID, EmployeeID, SalaryID, Date, PreviousGrossSalary, PreviousNetSalary) VALUES (46, 49, 20, '2020-12-17', 390665, 367075);
INSERT INTO SalaryHistory (HistoryID, EmployeeID, SalaryID, Date, PreviousGrossSalary, PreviousNetSalary) VALUES (30, 49, 42, '2019-01-19', 277973, 244818);
INSERT INTO SalaryHistory (HistoryID, EmployeeID, SalaryID, Date, PreviousGrossSalary, PreviousNetSalary) VALUES (1, 50, 15, '2022-05-24', 184849, 149545);
INSERT INTO SalaryHistory (HistoryID, EmployeeID, SalaryID, Date, PreviousGrossSalary, PreviousNetSalary) VALUES (33, 50, 44, '2017-07-11', 247618, 210802);
INSERT INTO SalaryHistory (HistoryID, EmployeeID, SalaryID, Date, PreviousGrossSalary, PreviousNetSalary) VALUES (9, 50, 26, '2018-12-18', 126960, 97357);
INSERT INTO SalaryHistory (HistoryID, EmployeeID, SalaryID, Date, PreviousGrossSalary, PreviousNetSalary) VALUES (47, 50, 27, '2017-12-06', 107188, 54693);
INSERT INTO SalaryHistory (HistoryID, EmployeeID, SalaryID, Date, PreviousGrossSalary, PreviousNetSalary) VALUES (36, 50, 35, '2021-09-18', 236362, 211069);
INSERT INTO SalaryHistory (HistoryID, EmployeeID, SalaryID, Date, PreviousGrossSalary, PreviousNetSalary) VALUES
(51, 1, 46, '2021-01-01', 290000, 270000),
(52, 2, 47, '2021-02-01', 295000, 275000),
(53, 3, 48, '2021-03-01', 300000, 280000),
(54, 4, 49, '2021-04-01', 305000, 285000),
(55, 5, 50, '2021-05-01', 310000, 290000),
(56, 6, 1, '2021-06-01', 315000, 295000),
(57, 7, 2, '2021-07-01', 320000, 300000),
(58, 8, 3, '2021-08-01', 325000, 305000),
(59, 9, 4, '2021-09-01', 330000, 310000),
(60, 10, 5, '2021-10-01', 335000, 315000),
(61, 11, 6, '2021-11-01', 340000, 320000),
(62, 12, 7, '2021-12-01', 345000, 325000),
(63, 13, 8, '2022-01-01', 350000, 330000),
(64, 14, 9, '2022-02-01', 355000, 335000),
(65, 15, 10, '2022-03-01', 360000, 340000),
(66, 16, 11, '2022-04-01', 365000, 345000),
(67, 17, 12, '2022-05-01', 370000, 350000),
(68, 18, 13, '2022-06-01', 375000, 355000),
(69, 19, 14, '2022-07-01', 380000, 360000),
(70, 20, 15, '2022-08-01', 385000, 365000),
(71, 21, 16, '2022-09-01', 390000, 370000),
(72, 22, 17, '2022-10-01', 395000, 375000),
(73, 1, 18, '2022-11-01', 400000, 380000),
(74, 2, 19, '2022-12-01', 405000, 385000),
(75, 3, 20, '2023-01-01', 410000, 390000),
(76, 4, 21, '2023-02-01', 415000, 395000),
(77, 5, 22, '2023-03-01', 420000, 400000),
(78, 6, 23, '2023-04-01', 425000, 405000),
(79, 7, 24, '2023-05-01', 430000, 410000),
(80, 8, 25, '2023-06-01', 435000, 415000),
(81, 9, 26, '2023-07-01', 440000, 420000),
(82, 10, 27, '2023-08-01', 445000, 425000),
(83, 11, 28, '2023-09-01', 450000, 430000),
(84, 12, 29, '2023-10-01', 455000, 435000),
(85, 13, 30, '2023-11-01', 460000, 440000),
(86, 14, 31, '2023-12-01', 465000, 445000),
(87, 15, 32, '2024-01-01', 470000, 450000),
(88, 16, 33, '2024-02-01', 475000, 455000),
(89, 17, 34, '2024-03-01', 480000, 460000),
(90, 18, 35, '2024-04-01', 485000, 465000),
(91, 19, 36, '2024-05-01', 490000, 470000),
(92, 20, 37, '2024-06-01', 495000, 475000),
(93, 21, 38, '2024-07-01', 500000, 480000),
(94, 22, 39, '2024-08-01', 505000, 485000),
(95, 1, 40, '2024-09-01', 510000, 490000),
(96, 2, 41, '2024-10-01', 515000, 495000),
(97, 3, 42, '2024-11-01', 520000, 500000),
(98, 4, 43, '2024-12-01', 525000, 505000),
(99, 5, 44, '2025-01-01', 530000, 510000),
(100, 6, 45, '2025-02-01', 535000, 515000);
INSERT INTO SalaryHistory (HistoryID, EmployeeID, SalaryID, Date, PreviousGrossSalary, PreviousNetSalary) VALUES
(101, 7, 46, '2025-03-01', 540000, 520000),
(102, 8, 47, '2025-04-01', 545000, 525000),
(103, 9, 48, '2025-05-01', 550000, 530000),
(104, 10, 49, '2025-06-01', 555000, 535000),
(105, 11, 50, '2025-07-01', 560000, 540000),
(106, 12, 1, '2025-08-01', 565000, 545000),
(107, 13, 2, '2025-09-01', 570000, 550000),
(108, 14, 3, '2025-10-01', 575000, 555000),
(109, 15, 4, '2025-11-01', 580000, 560000),
(110, 16, 5, '2025-12-01', 585000, 565000),
(111, 17, 6, '2026-01-01', 590000, 570000),
(112, 18, 7, '2026-02-01', 595000, 575000),
(113, 19, 8, '2026-03-01', 600000, 580000),
(114, 20, 9, '2026-04-01', 605000, 585000),
(115, 21, 10, '2026-05-01', 610000, 590000),
(116, 22, 11, '2026-06-01', 615000, 595000),
(117, 1, 12, '2026-07-01', 620000, 600000),
(118, 2, 13, '2026-08-01', 625000, 605000),
(119, 3, 14, '2026-09-01', 630000, 610000),
(120, 4, 15, '2026-10-01', 635000, 615000),
(121, 5, 16, '2026-11-01', 640000, 620000),
(122, 6, 17, '2026-12-01', 645000, 625000),
(123, 7, 18, '2027-01-01', 650000, 630000),
(124, 8, 19, '2027-02-01', 655000, 635000),
(125, 9, 20, '2027-03-01', 660000, 640000),
(126, 10, 21, '2027-04-01', 665000, 645000),
(127, 11, 22, '2027-05-01', 670000, 650000),
(128, 12, 23, '2027-06-01', 675000, 655000),
(129, 13, 24, '2027-07-01', 680000, 660000),
(130, 14, 25, '2027-08-01', 685000, 665000),
(131, 15, 26, '2027-09-01', 690000, 670000),
(132, 16, 27, '2027-10-01', 695000, 675000),
(133, 17, 28, '2027-11-01', 700000, 680000),
(134, 18, 29, '2027-12-01', 705000, 685000),
(135, 19, 30, '2028-01-01', 710000, 690000),
(136, 20, 31, '2028-02-01', 715000, 695000),
(137, 21, 32, '2028-03-01', 720000, 700000),
(138, 22, 33, '2028-04-01', 725000, 705000),
(139, 1, 34, '2028-05-01', 730000, 710000),
(140, 2, 35, '2028-06-01', 735000, 715000),
(141, 3, 36, '2028-07-01', 740000, 720000),
(142, 4, 37, '2028-08-01', 745000, 725000),
(143, 5, 38, '2028-09-01', 750000, 730000),
(144, 6, 39, '2028-10-01', 755000, 735000),
(145, 7, 40, '2028-11-01', 760000, 740000),
(146, 8, 41, '2028-12-01', 765000, 745000),
(147, 9, 42, '2029-01-01', 770000, 750000),
(148, 10, 43, '2029-02-01', 775000, 755000),
(149, 11, 44, '2029-03-01', 780000, 760000),
(150, 12, 45, '2029-04-01', 785000, 765000),
(151, 13, 46, '2029-05-01', 790000, 770000),
(152, 14, 47, '2029-06-01', 795000, 775000),
(153, 15, 48, '2029-07-01', 800000, 780000),
(154, 16, 49, '2029-08-01', 805000, 785000),
(155, 17, 50, '2029-09-01', 810000, 790000),
(156, 18, 1, '2029-10-01', 815000, 795000),
(157, 19,49, '2029-11-01', 820000, 800000),
(158, 20, 2, '2029-12-01', 825000, 805000),
(159, 61, 3, '2030-01-01', 830000, 810000),
(160, 22, 4, '2030-02-01', 835000, 815000),
(161, 1, 5, '2030-03-01', 840000, 820000),
(162, 2, 6, '2030-04-01', 845000, 825000),
(163, 3, 7, '2030-05-01', 850000, 830000),
(164, 4, 8, '2030-06-01', 855000, 835000),
(165, 5, 9, '2030-07-01', 860000, 840000),
(166, 6, 10, '2030-08-01', 865000, 845000),
(167, 7, 11, '2030-09-01', 870000, 850000),
(168, 8, 12, '2030-10-01', 875000, 855000),
(169, 9, 13, '2030-11-01', 880000, 860000),
(170, 10, 14, '2030-12-01', 885000, 865000),
(171, 11, 15, '2031-01-01', 890000, 870000),
(172, 12, 16, '2031-02-01', 895000, 875000),
(173, 13, 17, '2031-03-01', 900000, 880000),
(174, 14, 18, '2031-04-01', 905000, 885000),
(175, 15, 19, '2031-05-01', 910000, 890000),
(176, 16, 20, '2031-06-01', 915000, 895000),
(177, 17, 21, '2031-07-01', 920000, 900000),
(178, 18, 22, '2031-08-01', 925000, 905000),
(179, 19, 23, '2031-09-01', 930000, 910000),
(180, 20, 24, '2031-10-01', 935000, 915000),
(181, 21, 25, '2031-11-01', 940000, 920000),
(182, 22, 26, '2031-12-01', 945000, 925000),
(183, 1, 27, '2032-01-01', 950000, 930000),
(184, 2, 28, '2032-02-01', 955000, 935000),
(185, 3, 29, '2032-03-01', 960000, 940000),
(186, 4, 30, '2032-04-01', 965000, 945000),
(187, 5, 31, '2032-05-01', 970000, 950000),
(188, 6, 32, '2032-06-01', 975000, 955000),
(189, 7, 33, '2032-07-01', 980000, 960000),
(190, 8, 34, '2032-08-01', 985000, 965000),
(191, 9, 35, '2032-09-01', 990000, 970000),
(192, 10, 36, '2032-10-01', 995000, 975000),
(193, 11, 37, '2032-11-01', 1000000, 980000),
(194, 12, 38, '2032-12-01', 1005000, 985000),
(195, 13, 39, '2033-01-01', 1010000, 990000),
(196, 14, 40, '2033-02-01', 1015000, 995000),
(197, 15, 41, '2033-03-01', 1020000, 1000000),
(198, 16, 42, '2033-04-01', 1025000, 1005000),
(199, 17, 43, '2033-05-01', 1030000, 1010000),
(200, 18, 44, '2033-06-01', 1035000, 1015000),
(201, 23, 96, '2034-06-01', 1095000, 1075000),
(202, 24, 97, '2034-07-01', 1100000, 1080000),
(203, 25, 98, '2034-08-01', 1105000, 1085000),
(204, 26, 99, '2034-09-01', 1110000, 1090000),
(205, 27, 100, '2034-10-01', 1115000, 1095000),
(206, 28, 1, '2034-11-01', 1120000, 1100000),
(207, 29, 2, '2034-12-01', 1125000, 1105000),
(208, 30, 3, '2035-01-01', 1130000, 1110000),
(209, 31, 4, '2035-02-01', 1135000, 1115000),
(210, 32, 5, '2035-03-01', 1140000, 1120000),
(211, 33, 6, '2035-04-01', 1145000, 1125000),
(212, 34, 7, '2035-05-01', 1150000, 1130000),
(213, 35, 8, '2035-06-01', 1155000, 1135000),
(214, 36, 9, '2035-07-01', 1160000, 1140000),
(215, 37, 10, '2035-08-01', 1165000, 1145000),
(216, 38, 11, '2035-09-01', 1170000, 1150000),
(217, 39, 12, '2035-10-01', 1175000, 1155000),
(218, 40, 13, '2035-11-01', 1180000, 1160000),
(219, 41, 14, '2035-12-01', 1185000, 1165000),
(220, 42, 15, '2036-01-01', 1190000, 1170000),
(221, 43, 16, '2036-02-01', 1195000, 1175000),
(222, 44, 17, '2036-03-01', 1200000, 1180000),
(223, 45, 18, '2036-04-01', 1205000, 1185000),
(224, 46, 19, '2036-05-01', 1210000, 1190000),
(225, 47, 20, '2036-06-01', 1215000, 1195000),
(226, 48, 21, '2036-07-01', 1220000, 1200000),
(227, 49, 22, '2036-08-01', 1225000, 1205000),
(228, 50, 23, '2036-09-01', 1230000, 1210000),
(229, 51, 24, '2036-10-01', 1235000, 1215000),
(230, 52, 25, '2036-11-01', 1240000, 1220000),
(231, 53, 26, '2036-12-01', 1245000, 1225000),
(232, 54, 27, '2037-01-01', 1250000, 1230000),
(233, 55, 28, '2037-02-01', 1255000, 1235000),
(234, 56, 29, '2037-03-01', 1260000, 1240000),
(235, 57, 30, '2037-04-01', 1265000, 1245000),
(236, 58, 31, '2037-05-01', 1270000, 1250000),
(237, 59, 32, '2037-06-01', 1275000, 1255000),
(238, 60, 33, '2037-07-01', 1280000, 1260000),
(239, 61, 34, '2037-08-01', 1285000, 1265000),
(240, 62, 35, '2037-09-01', 1290000, 1270000),
(241, 63, 36, '2037-10-01', 1295000, 1275000),
(242, 64, 37, '2037-11-01', 1300000, 1280000),
(243, 65, 38, '2037-12-01', 1305000, 1285000),
(244, 66, 39, '2038-01-01', 1310000, 1290000),
(245, 67, 40, '2038-02-01', 1315000, 1295000),
(246, 68, 41, '2038-03-01', 1320000, 1300000),
(247, 69, 42, '2038-04-01', 1325000, 1305000),
(248, 70, 43, '2038-05-01', 1330000, 1310000),
(249, 71, 44, '2038-06-01', 1335000, 1315000),
(250, 72, 45, '2038-07-01', 1340000, 1320000),
(251, 73, 46, '2038-08-01', 1345000, 1325000),
(252, 74, 47, '2038-09-01', 1350000, 1330000),
(253, 75, 48, '2038-10-01', 1355000, 1335000),
(254, 76, 49, '2038-11-01', 1360000, 1340000),
(255, 77, 50, '2038-12-01', 1365000, 1345000),
(256, 78, 51, '2039-01-01', 1370000, 1350000),
(257, 79, 52, '2039-02-01', 1375000, 1355000),
(258, 80, 53, '2039-03-01', 1380000, 1360000),
(259, 81, 54, '2039-04-01', 1385000, 1365000),
(260, 82, 55, '2039-05-01', 1390000, 1370000),
(261, 83, 56, '2039-06-01', 1395000, 1375000),
(262, 84, 57, '2039-07-01', 1400000, 1380000),
(263, 85, 58, '2039-08-01', 1405000, 1385000),
(264, 86, 59, '2039-09-01', 1410000, 1390000),
(265, 87, 60, '2039-10-01', 1415000, 1395000),
(266, 88, 61, '2039-11-01', 1420000, 1400000),
(267, 89, 62, '2039-12-01', 1425000, 1405000),
(268, 90, 63, '2040-01-01', 1430000, 1410000),
(269, 91, 64, '2040-02-01', 1435000, 1415000),
(270, 92, 65, '2040-03-01', 1440000, 1420000),
(271, 93, 66, '2040-04-01', 1445000, 1425000),
(272, 94, 67, '2040-05-01', 1450000, 1430000),
(273, 95, 68, '2040-06-01', 1455000, 1435000),
(274, 96, 69, '2040-07-01', 1460000, 1440000),
(275, 97, 70, '2040-08-01', 1465000, 1445000),
(276, 98, 71, '2040-09-01', 1470000, 1450000),
(277, 99, 72, '2040-10-01', 1475000, 1455000),
(278, 100, 73, '2040-11-01', 1480000, 1460000),
(279, 1, 74, '2040-12-01', 1485000, 1465000),
(280, 2, 75, '2041-01-01', 1490000, 1470000),
(281, 3, 76, '2041-02-01', 1495000, 1475000),
(282, 4, 77, '2041-03-01', 1500000, 1480000),
(283, 5, 78, '2041-04-01', 1505000, 1485000),
(284, 6, 79, '2041-05-01', 1510000, 1490000),
(285, 7, 80, '2041-06-01', 1515000, 1495000),
(286, 8, 81, '2041-07-01', 1520000, 1500000),
(287, 9, 82, '2041-08-01', 1525000, 1505000),
(288, 10, 83, '2041-09-01', 1530000, 1510000),
(289, 11, 84, '2041-10-01', 1535000, 1515000),
(290, 12, 85, '2041-11-01', 1540000, 1520000),
(291, 13, 86, '2041-12-01', 1545000, 1525000),
(292, 14, 87, '2042-01-01', 1550000, 1530000),
(293, 15, 88, '2042-02-01', 1555000, 1535000),
(294, 16, 89, '2042-03-01', 1560000, 1540000),
(295, 17, 90, '2042-04-01', 1565000, 1545000),
(296, 18, 91, '2042-05-01', 1570000, 1550000),
(297, 19, 92, '2042-06-01', 1575000, 1555000),
(298, 20, 93, '2042-07-01', 1580000, 1560000),
(299, 21, 94, '2042-08-01', 1585000, 1565000),
(300, 22, 95, '2042-09-01', 1590000, 1570000);
INSERT INTO SalaryHistory (HistoryID, EmployeeID, SalaryID, Date, PreviousGrossSalary, PreviousNetSalary) VALUES
(301, 23, 96, '2042-10-01', 1595000, 1575000),
(302, 24, 97, '2042-11-01', 1600000, 1580000),
(303, 25, 98, '2042-12-01', 1605000, 1585000),
(304, 26, 99, '2043-01-01', 1610000, 1590000),
(305, 27, 100, '2043-02-01', 1615000, 1595000),
(306, 28, 1, '2043-03-01', 1620000, 1600000),
(307, 29, 2, '2043-04-01', 1625000, 1605000),
(308, 30, 3, '2043-05-01', 1630000, 1610000),
(309, 31, 4, '2043-06-01', 1635000, 1615000),
(310, 32, 5, '2043-07-01', 1640000, 1620000),
(311, 33, 6, '2043-08-01', 1645000, 1625000),
(312, 34, 7, '2043-09-01', 1650000, 1630000),
(313, 35, 8, '2043-10-01', 1655000, 1635000),
(314, 36, 9, '2043-11-01', 1660000, 1640000),
(315, 37, 10, '2043-12-01', 1665000, 1645000),
(316, 38, 11, '2044-01-01', 1670000, 1650000),
(317, 39, 12, '2044-02-01', 1675000, 1655000),
(318, 40, 13, '2044-03-01', 1680000, 1660000),
(319, 41, 14, '2044-04-01', 1685000, 1665000),
(320, 42, 15, '2044-05-01', 1690000, 1670000),
(321, 43, 16, '2044-06-01', 1695000, 1675000),
(322, 44, 17, '2044-07-01', 1700000, 1680000),
(323, 45, 18, '2044-08-01', 1705000, 1685000),
(324, 46, 19, '2044-09-01', 1710000, 1690000),
(325, 47, 20, '2044-10-01', 1715000, 1695000),
(326, 48, 21, '2044-11-01', 1720000, 1700000),
(327, 49, 22, '2044-12-01', 1725000, 1705000),
(328, 50, 23, '2045-01-01', 1730000, 1710000),
(329, 51, 24, '2045-02-01', 1735000, 1715000),
(330, 52, 25, '2045-03-01', 1740000, 1720000),
(331, 53, 26, '2045-04-01', 1745000, 1725000),
(332, 54, 27, '2045-05-01', 1750000, 1730000),
(333, 55, 28, '2045-06-01', 1755000, 1735000),
(334, 56, 29, '2045-07-01', 1760000, 1740000),
(335, 57, 30, '2045-08-01', 1765000, 1745000),
(336, 58, 31, '2045-09-01', 1770000, 1750000),
(337, 59, 32, '2045-10-01', 1775000, 1755000),
(338, 60, 33, '2045-11-01', 1780000, 1760000),
(339, 61, 34, '2045-12-01', 1785000, 1765000),
(340, 62, 35, '2046-01-01', 1790000, 1770000),
(341, 63, 36, '2046-02-01', 1795000, 1775000),
(342, 64, 37, '2046-03-01', 1800000, 1780000),
(343, 65, 38, '2046-04-01', 1805000, 1785000),
(344, 66, 39, '2046-05-01', 1810000, 1790000),
(345, 67, 40, '2046-06-01', 1815000, 1795000),
(346, 68, 41, '2046-07-01', 1820000, 1800000),
(347, 69, 42, '2046-08-01', 1825000, 1805000),
(348, 70, 43, '2046-09-01', 1830000, 1810000),
(349, 71, 44, '2046-10-01', 1835000, 1815000),
(350, 72, 45, '2046-11-01', 1840000, 1820000),
(351, 73, 46, '2046-12-01', 1845000, 1825000),
(352, 74, 47, '2047-01-01', 1850000, 1830000),
(353, 75, 48, '2047-02-01', 1855000, 1835000),
(354, 76, 49, '2047-03-01', 1860000, 1840000),
(355, 77, 50, '2047-04-01', 1865000, 1845000),
(356, 78, 51, '2047-05-01', 1870000, 1850000),
(357, 79, 52, '2047-06-01', 1875000, 1855000),
(358, 80, 53, '2047-07-01', 1880000, 1860000),
(359, 81, 54, '2047-08-01', 1885000, 1865000),
(360, 82, 55, '2047-09-01', 1890000, 1870000),
(361, 83, 56, '2047-10-01', 1895000, 1875000),
(362, 84, 57, '2047-11-01', 1900000, 1880000),
(363, 85, 58, '2047-12-01', 1905000, 1885000),
(364, 86, 59, '2048-01-01', 1910000, 1890000),
(365, 87, 60, '2048-02-01', 1915000, 1895000),
(366, 88, 61, '2048-03-01', 1920000, 1900000),
(367, 89, 62, '2048-04-01', 1925000, 1905000);
INSERT INTO SalaryHistory (HistoryID, EmployeeID, SalaryID, Date, PreviousGrossSalary, PreviousNetSalary) VALUES
(368, 1, 63, '2048-05-01', 1930000, 1910000),
(369, 12, 64, '2048-06-01', 1935000, 1915000),
(370, 13, 65, '2048-07-01', 1940000, 1920000),
(371, 14, 66, '2048-08-01', 1945000, 1925000),
(372, 15, 67, '2048-09-01', 1950000, 1930000),
(373, 10, 68, '2048-10-01', 1955000, 1935000),
(374, 17, 69, '2048-11-01', 1960000, 1940000),
(375, 10, 70, '2048-12-01', 1965000, 1945000),
(376, 19, 71, '2049-01-01', 1970000, 1950000),
(377, 56, 72, '2049-02-01', 1975000, 1955000),
(378, 11, 73, '2049-03-01', 1980000, 1960000),
(379, 12, 74, '2049-04-01', 1985000, 1965000),
(380, 13, 75, '2049-05-01', 1990000, 1970000),
(381, 14, 76, '2049-06-01', 1995000, 1975000),
(382, 15, 77, '2049-07-01', 2000000, 1980000),
(383, 16, 78, '2049-08-01', 2005000, 1985000),
(384, 17, 79, '2049-09-01', 2010000, 1990000),
(385, 18, 80, '2049-10-01', 2015000, 1995000),
(386, 19, 81, '2049-11-01', 2020000, 2000000),
(387, 20, 82, '2049-12-01', 2025000, 2005000),
(388, 21, 83, '2050-01-01', 2030000, 2010000),
(389, 12, 84, '2050-02-01', 2035000, 2015000),
(390, 23, 85, '2050-03-01', 2040000, 2020000),
(391, 14, 86, '2050-04-01', 2045000, 2025000),
(392, 25, 87, '2050-05-01', 2050000, 2030000),
(393, 13, 88, '2050-06-01', 2055000, 2035000),
(394, 15, 89, '2050-07-01', 2060000, 2040000),
(395, 11, 90, '2050-08-01', 2065000, 2045000),
(396, 18, 91, '2050-09-01', 2070000, 2050000),
(397, 19, 92, '2050-10-01', 2075000, 2055000),
(398, 14, 93, '2050-11-01', 2080000, 2060000),
(399, 64, 94, '2050-12-01', 2085000, 2065000),
(400, 100, 95, '2051-01-01', 2090000, 2070000);
INSERT INTO SalaryHistory (HistoryID, EmployeeID, SalaryID, Date, PreviousGrossSalary, PreviousNetSalary) VALUES
(490, 1, 85, '2058-07-01', 2540000, 2520000),
(491, 2, 86, '2058-08-01', 2545000, 2525000),
(492, 3, 87, '2058-09-01', 2550000, 2530000),
(493, 4, 88, '2058-10-01', 2555000, 2535000),
(494, 5, 89, '2058-11-01', 2560000, 2540000),
(495, 6, 90, '2058-12-01', 2565000, 2545000),
(496,7, 91, '2059-01-01', 2570000, 2550000),
(497, 8, 92, '2059-02-01', 2575000, 2555000),
(498, 9, 93, '2059-03-01', 2580000, 2560000),
(499, 10, 94, '2059-04-01', 2585000, 2565000),
(500, 1, 95, '2059-05-01', 2590000, 2570000),
(451, 62, 46, '2055-04-01', 2345000, 2325000),
(452, 63, 47, '2055-05-01', 2350000, 2330000),
(453, 64, 48, '2055-06-01', 2355000, 2335000),
(454, 65, 49, '2055-07-01', 2360000, 2340000),
(455, 66, 50, '2055-08-01', 2365000, 2345000),
(456, 67, 51, '2055-09-01', 2370000, 2350000),
(457, 68, 52, '2055-10-01', 2375000, 2355000),
(458, 69, 53, '2055-11-01', 2380000, 2360000),
(459, 70, 54, '2055-12-01', 2385000, 2365000),
(460, 71, 55, '2056-01-01', 2390000, 2370000),
(461, 72, 56, '2056-02-01', 2395000, 2375000),
(462, 73, 57, '2056-03-01', 2400000, 2380000),
(463, 74, 58, '2056-04-01', 2405000, 2385000),
(464, 75, 59, '2056-05-01', 2410000, 2390000),
(465, 76, 60, '2056-06-01', 2415000, 2395000),
(466, 77, 61, '2056-07-01', 2420000, 2400000),
(467, 78, 62, '2056-08-01', 2425000, 2405000),
(468, 79, 63, '2056-09-01', 2430000, 2410000),
(469, 80, 64, '2056-10-01', 2435000, 2415000),
(470, 81, 65, '2056-11-01', 2440000, 2420000),
(471, 82, 66, '2056-12-01', 2445000, 2425000),
(472, 83, 67, '2057-01-01', 2450000, 2430000),
(473, 84, 68, '2057-02-01', 2455000, 2435000),
(474, 85, 69, '2057-03-01', 2460000, 2440000),
(475, 86, 70, '2057-04-01', 2465000, 2445000),
(476, 87, 71, '2057-05-01', 2470000, 2450000),
(477, 88, 72, '2057-06-01', 2475000, 2455000),
(478, 89, 73, '2057-07-01', 2480000, 2460000),
(479, 90, 74, '2057-08-01', 2485000, 2465000),
(480, 91, 75, '2057-09-01', 2490000, 2470000),
(481, 92, 76, '2057-10-01', 2495000, 2475000),
(482, 93, 77, '2057-11-01', 2500000, 2480000),
(483, 94, 78, '2057-12-01', 2505000, 2485000),
(484, 95, 79, '2058-01-01', 2510000, 2490000),
(485, 96, 80, '2058-02-01', 2515000, 2495000),
(486, 97, 81, '2058-03-01', 2520000, 2500000),
(487, 98, 82, '2058-04-01', 2525000, 2505000),
(488, 99, 83, '2058-05-01', 2530000, 2510000),
(489, 100, 84, '2058-06-01', 2535000, 2515000),
(401, 12, 96, '2051-02-01', 2095000, 2075000),
(402, 13, 97, '2051-03-01', 2100000, 2080000),
(403, 14, 98, '2051-04-01', 2105000, 2085000),
(404, 15, 99, '2051-05-01', 2110000, 2090000),
(405, 16, 100, '2051-06-01', 2115000, 2095000),
(406, 17, 1, '2051-07-01', 2120000, 2100000),
(407, 18, 2, '2051-08-01', 2125000, 2105000),
(408, 19, 3, '2051-09-01', 2130000, 2110000),
(409, 20, 4, '2051-10-01', 2135000, 2115000),
(410, 21, 5, '2051-11-01', 2140000, 2120000),
(411, 22, 6, '2051-12-01', 2145000, 2125000),
(412, 23, 7, '2052-01-01', 2150000, 2130000),
(413, 24, 8, '2052-02-01', 2155000, 2135000),
(414, 25, 9, '2052-03-01', 2160000, 2140000),
(415, 26, 10, '2052-04-01', 2165000, 2145000),
(416, 27, 11, '2052-05-01', 2170000, 2150000),
(417, 28, 12, '2052-06-01', 2175000, 2155000),
(418, 29, 13, '2052-07-01', 2180000, 2160000),
(419, 30, 14, '2052-08-01', 2185000, 2165000),
(420, 31, 15, '2052-09-01', 2190000, 2170000),
(421, 32, 16, '2052-10-01', 2195000, 2175000),
(422, 33, 17, '2052-11-01', 2200000, 2180000),
(423, 34, 18, '2052-12-01', 2205000, 2185000),
(424, 35, 19, '2053-01-01', 2210000, 2190000),
(425, 36, 20, '2053-02-01', 2215000, 2195000),
(426, 37, 21, '2053-03-01', 2220000, 2200000),
(427, 38, 22, '2053-04-01', 2225000, 2205000),
(428, 39, 23, '2053-05-01', 2230000, 2210000),
(429, 40, 24, '2053-06-01', 2235000, 2215000),
(430, 41, 25, '2053-07-01', 2240000, 2220000),
(431, 42, 26, '2053-08-01', 2245000, 2225000),
(432, 43, 27, '2053-09-01', 2250000, 2230000),
(433, 44, 28, '2053-10-01', 2255000, 2235000),
(434, 45, 29, '2053-11-01', 2260000, 2240000),
(435, 46, 30, '2053-12-01', 2265000, 2245000),
(436, 47, 31, '2054-01-01', 2270000, 2250000),
(437, 48, 32, '2054-02-01', 2275000, 2255000),
(438, 49, 33, '2054-03-01', 2280000, 2260000),
(439, 50, 34, '2054-04-01', 2285000, 2265000),
(440, 51, 35, '2054-05-01', 2290000, 2270000),
(441, 52, 36, '2054-06-01', 2295000, 2275000),
(442, 53, 37, '2054-07-01', 2300000, 2280000),
(443, 54, 38, '2054-08-01', 2305000, 2285000),
(444, 55, 39, '2054-09-01', 2310000, 2290000),
(445, 56, 40, '2054-10-01', 2315000, 2295000),
(446, 57, 41, '2054-11-01', 2320000, 2300000),
(447, 58, 42, '2054-12-01', 2325000, 2305000),
(448, 59, 43, '2055-01-01', 2330000, 2310000),
(449, 60, 44, '2055-02-01', 2335000, 2315000),
(450, 61, 45, '2055-03-01', 2340000, 2320000);


select *from salaryHistory


INSERT INTO Attendance (AttendanceID, EmployeeID, Date, TimeIn, TimeOut) VALUES (5, 1, '2022-05-04', '09:11:11 AM', '06:11:39 PM');
INSERT INTO Attendance (AttendanceID, EmployeeID, Date, TimeIn, TimeOut) VALUES (6, 1, '2021-11-15', '09:58:00 AM', '05:21:16 PM');
INSERT INTO Attendance (AttendanceID, EmployeeID, Date, TimeIn, TimeOut) VALUES (28, 1, '2022-08-25', '08:01:22 AM', '02:36:01 PM');
INSERT INTO Attendance (AttendanceID, EmployeeID, Date, TimeIn, TimeOut) VALUES (10, 1, '2022-09-24', '09:35:32 AM', '06:24:03 PM');
INSERT INTO Attendance (AttendanceID, EmployeeID, Date, TimeIn, TimeOut) VALUES (49, 1, '2022-09-02', '10:12:16 AM', '05:41:05 PM');
INSERT INTO Attendance (AttendanceID, EmployeeID, Date, TimeIn, TimeOut) VALUES (43, 2, '2022-07-13', '11:01:36 AM', '03:43:10 PM');
INSERT INTO Attendance (AttendanceID, EmployeeID, Date, TimeIn, TimeOut) VALUES (27, 2, '2022-10-17', '10:51:46 AM', '03:16:46 PM');
INSERT INTO Attendance (AttendanceID, EmployeeID, Date, TimeIn, TimeOut) VALUES (5, 2, '2021-07-22', '09:23:39 AM', '05:05:19 PM');
INSERT INTO Attendance (AttendanceID, EmployeeID, Date, TimeIn, TimeOut) VALUES (32, 2, '2022-12-01', '09:44:04 AM', '05:24:16 PM');
INSERT INTO Attendance (AttendanceID, EmployeeID, Date, TimeIn, TimeOut) VALUES (16, 2, '2021-08-26', '08:26:26 AM', '05:01:26 PM');
INSERT INTO Attendance (AttendanceID, EmployeeID, Date, TimeIn, TimeOut) VALUES (42, 3, '2021-09-06', '11:45:22 AM', '04:00:44 PM');
INSERT INTO Attendance (AttendanceID, EmployeeID, Date, TimeIn, TimeOut) VALUES (39, 3, '2022-11-01', '10:10:00 AM', '06:46:35 PM');
INSERT INTO Attendance (AttendanceID, EmployeeID, Date, TimeIn, TimeOut) VALUES (38, 3, '2022-01-01', '11:19:03 AM', '04:22:03 PM');
INSERT INTO Attendance (AttendanceID, EmployeeID, Date, TimeIn, TimeOut) VALUES (4, 3, '2021-08-08', '09:00:12 AM', '02:18:12 PM');
INSERT INTO Attendance (AttendanceID, EmployeeID, Date, TimeIn, TimeOut) VALUES (19, 3, '2022-04-03', '10:27:17 AM', '02:31:49 PM');
INSERT INTO Attendance (AttendanceID, EmployeeID, Date, TimeIn, TimeOut) VALUES (48, 4, '2021-01-26', '09:15:16 AM', '01:19:03 PM');
INSERT INTO Attendance (AttendanceID, EmployeeID, Date, TimeIn, TimeOut) VALUES (13, 4, '2022-11-11', '08:30:46 AM', '02:46:50 PM');
INSERT INTO Attendance (AttendanceID, EmployeeID, Date, TimeIn, TimeOut) VALUES (43, 4, '2021-08-17', '10:02:53 AM', '02:24:17 PM');
INSERT INTO Attendance (AttendanceID, EmployeeID, Date, TimeIn, TimeOut) VALUES (16, 4, '2022-09-11', '08:13:04 AM', '05:37:08 PM');
INSERT INTO Attendance (AttendanceID, EmployeeID, Date, TimeIn, TimeOut) VALUES (37, 4, '2022-02-22', '11:02:57 AM', '03:17:21 PM');
INSERT INTO Attendance (AttendanceID, EmployeeID, Date, TimeIn, TimeOut) VALUES (11, 5, '2022-06-02', '10:33:00 AM', '06:12:40 PM');
INSERT INTO Attendance (AttendanceID, EmployeeID, Date, TimeIn, TimeOut) VALUES (31, 5, '2021-09-07', '10:58:51 AM', '06:46:18 PM');
INSERT INTO Attendance (AttendanceID, EmployeeID, Date, TimeIn, TimeOut) VALUES (17, 5, '2021-10-26', '10:20:10 AM', '04:19:55 PM');
INSERT INTO Attendance (AttendanceID, EmployeeID, Date, TimeIn, TimeOut) VALUES (15, 5, '2021-02-25', '10:33:10 AM', '04:16:00 PM');
INSERT INTO Attendance (AttendanceID, EmployeeID, Date, TimeIn, TimeOut) VALUES (18, 5, '2021-09-24', '10:26:16 AM', '01:08:00 PM');
INSERT INTO Attendance (AttendanceID, EmployeeID, Date, TimeIn, TimeOut) VALUES (25, 6, '2021-06-07', '09:45:08 AM', '03:09:38 PM');
INSERT INTO Attendance (AttendanceID, EmployeeID, Date, TimeIn, TimeOut) VALUES (22, 6, '2021-06-23', '08:35:37 AM', '01:25:00 PM');
INSERT INTO Attendance (AttendanceID, EmployeeID, Date, TimeIn, TimeOut) VALUES (22, 6, '2022-11-08', '10:18:48 AM', '02:16:13 PM');
INSERT INTO Attendance (AttendanceID, EmployeeID, Date, TimeIn, TimeOut) VALUES (44, 6, '2021-04-03', '11:59:01 AM', '06:20:38 PM');
INSERT INTO Attendance (AttendanceID, EmployeeID, Date, TimeIn, TimeOut) VALUES (5, 6, '2022-12-19', '09:18:21 AM', '03:53:56 PM');
INSERT INTO Attendance (AttendanceID, EmployeeID, Date, TimeIn, TimeOut) VALUES (14, 7, '2022-11-23', '09:41:29 AM', '05:37:17 PM');
INSERT INTO Attendance (AttendanceID, EmployeeID, Date, TimeIn, TimeOut) VALUES (31, 7, '2021-07-08', '09:02:04 AM', '05:41:12 PM');
INSERT INTO Attendance (AttendanceID, EmployeeID, Date, TimeIn, TimeOut) VALUES (48, 7, '2022-09-04', '10:27:28 AM', '02:54:15 PM');
INSERT INTO Attendance (AttendanceID, EmployeeID, Date, TimeIn, TimeOut) VALUES (41, 7, '2021-08-23', '08:46:04 AM', '05:15:44 PM');
INSERT INTO Attendance (AttendanceID, EmployeeID, Date, TimeIn, TimeOut) VALUES (39, 7, '2022-05-07', '09:15:48 AM', '04:10:05 PM');
INSERT INTO Attendance (AttendanceID, EmployeeID, Date, TimeIn, TimeOut) VALUES (35, 8, '2022-03-27', '08:27:36 AM', '02:40:31 PM');
INSERT INTO Attendance (AttendanceID, EmployeeID, Date, TimeIn, TimeOut) VALUES (28, 8, '2022-01-19', '08:54:22 AM', '03:41:49 PM');
INSERT INTO Attendance (AttendanceID, EmployeeID, Date, TimeIn, TimeOut) VALUES (49, 8, '2021-07-04', '10:48:44 AM', '01:43:00 PM');
INSERT INTO Attendance (AttendanceID, EmployeeID, Date, TimeIn, TimeOut) VALUES (44, 8, '2021-02-01', '10:52:42 AM', '06:41:10 PM');
INSERT INTO Attendance (AttendanceID, EmployeeID, Date, TimeIn, TimeOut) VALUES (1, 8, '2021-10-26', '08:02:13 AM', '01:52:40 PM');
INSERT INTO Attendance (AttendanceID, EmployeeID, Date, TimeIn, TimeOut) VALUES (2, 9, '2022-06-27', '09:48:25 AM', '01:41:33 PM');
INSERT INTO Attendance (AttendanceID, EmployeeID, Date, TimeIn, TimeOut) VALUES (10, 9, '2021-12-22', '10:04:24 AM', '06:10:35 PM');
INSERT INTO Attendance (AttendanceID, EmployeeID, Date, TimeIn, TimeOut) VALUES (28, 9, '2022-07-16', '11:18:54 AM', '05:22:34 PM');
INSERT INTO Attendance (AttendanceID, EmployeeID, Date, TimeIn, TimeOut) VALUES (17, 9, '2021-05-04', '10:29:43 AM', '03:47:26 PM');
INSERT INTO Attendance (AttendanceID, EmployeeID, Date, TimeIn, TimeOut) VALUES (43, 9, '2022-12-04', '08:38:01 AM', '05:03:02 PM');
INSERT INTO Attendance (AttendanceID, EmployeeID, Date, TimeIn, TimeOut) VALUES (37, 10, '2022-10-27', '08:15:19 AM', '02:04:05 PM');
INSERT INTO Attendance (AttendanceID, EmployeeID, Date, TimeIn, TimeOut) VALUES (10, 10, '2021-08-25', '11:21:23 AM', '06:02:48 PM');
INSERT INTO Attendance (AttendanceID, EmployeeID, Date, TimeIn, TimeOut) VALUES (13, 10, '2021-03-01', '08:50:34 AM', '05:05:18 PM');
INSERT INTO Attendance (AttendanceID, EmployeeID, Date, TimeIn, TimeOut) VALUES (29, 10, '2022-06-23', '11:19:26 AM', '06:55:53 PM');
INSERT INTO Attendance (AttendanceID, EmployeeID, Date, TimeIn, TimeOut) VALUES (12, 10, '2022-07-13', '11:28:20 AM', '02:24:31 PM');
INSERT INTO Attendance (AttendanceID, EmployeeID, Date, TimeIn, TimeOut) VALUES (32, 11, '2021-07-03', '09:13:24 AM', '05:40:43 PM');
INSERT INTO Attendance (AttendanceID, EmployeeID, Date, TimeIn, TimeOut) VALUES (1, 11, '2021-05-28', '08:26:46 AM', '05:19:52 PM');
INSERT INTO Attendance (AttendanceID, EmployeeID, Date, TimeIn, TimeOut) VALUES (1, 11, '2022-06-22', '11:22:33 AM', '06:46:22 PM');
INSERT INTO Attendance (AttendanceID, EmployeeID, Date, TimeIn, TimeOut) VALUES (35, 11, '2022-08-09', '08:14:58 AM', '01:50:05 PM');
INSERT INTO Attendance (AttendanceID, EmployeeID, Date, TimeIn, TimeOut) VALUES (8, 11, '2021-11-14', '10:30:41 AM', '03:39:34 PM');
INSERT INTO Attendance (AttendanceID, EmployeeID, Date, TimeIn, TimeOut) VALUES (23, 12, '2022-08-10', '08:59:03 AM', '06:22:24 PM');
INSERT INTO Attendance (AttendanceID, EmployeeID, Date, TimeIn, TimeOut) VALUES (39, 12, '2022-05-16', '10:41:27 AM', '02:04:07 PM');
INSERT INTO Attendance (AttendanceID, EmployeeID, Date, TimeIn, TimeOut) VALUES (25, 12, '2022-04-08', '08:15:48 AM', '02:35:17 PM');
INSERT INTO Attendance (AttendanceID, EmployeeID, Date, TimeIn, TimeOut) VALUES (25, 12, '2022-07-25', '09:40:22 AM', '06:58:25 PM');
INSERT INTO Attendance (AttendanceID, EmployeeID, Date, TimeIn, TimeOut) VALUES (27, 12, '2022-09-15', '09:12:49 AM', '02:06:59 PM');
INSERT INTO Attendance (AttendanceID, EmployeeID, Date, TimeIn, TimeOut) VALUES (33, 13, '2021-02-28', '08:21:30 AM', '02:49:03 PM');
INSERT INTO Attendance (AttendanceID, EmployeeID, Date, TimeIn, TimeOut) VALUES (46, 13, '2022-08-02', '10:38:59 AM', '01:14:47 PM');
INSERT INTO Attendance (AttendanceID, EmployeeID, Date, TimeIn, TimeOut) VALUES (11, 13, '2022-07-05', '10:51:11 AM', '05:48:47 PM');
INSERT INTO Attendance (AttendanceID, EmployeeID, Date, TimeIn, TimeOut) VALUES (1, 13, '2021-12-09', '09:43:57 AM', '02:17:46 PM');
INSERT INTO Attendance (AttendanceID, EmployeeID, Date, TimeIn, TimeOut) VALUES (37, 13, '2022-03-14', '08:15:38 AM', '05:17:59 PM');
INSERT INTO Attendance (AttendanceID, EmployeeID, Date, TimeIn, TimeOut) VALUES (20, 14, '2022-07-15', '09:09:27 AM', '03:30:03 PM');
INSERT INTO Attendance (AttendanceID, EmployeeID, Date, TimeIn, TimeOut) VALUES (9, 14, '2022-08-15', '10:26:11 AM', '04:54:54 PM');
INSERT INTO Attendance (AttendanceID, EmployeeID, Date, TimeIn, TimeOut) VALUES (43, 14, '2022-03-14', '10:57:30 AM', '02:23:24 PM');
INSERT INTO Attendance (AttendanceID, EmployeeID, Date, TimeIn, TimeOut) VALUES (44, 14, '2021-05-18', '10:07:24 AM', '03:22:01 PM');
INSERT INTO Attendance (AttendanceID, EmployeeID, Date, TimeIn, TimeOut) VALUES (10, 14, '2022-10-15', '11:13:05 AM', '04:32:14 PM');
INSERT INTO Attendance (AttendanceID, EmployeeID, Date, TimeIn, TimeOut) VALUES (12, 15, '2022-12-06', '09:55:15 AM', '04:27:35 PM');
INSERT INTO Attendance (AttendanceID, EmployeeID, Date, TimeIn, TimeOut) VALUES (35, 15, '2022-08-18', '08:00:14 AM', '02:47:27 PM');
INSERT INTO Attendance (AttendanceID, EmployeeID, Date, TimeIn, TimeOut) VALUES (5, 15, '2021-07-26', '11:48:40 AM', '01:48:04 PM');
INSERT INTO Attendance (AttendanceID, EmployeeID, Date, TimeIn, TimeOut) VALUES (38, 15, '2022-06-13', '08:19:44 AM', '04:03:34 PM');
INSERT INTO Attendance (AttendanceID, EmployeeID, Date, TimeIn, TimeOut) VALUES (37, 15, '2021-07-17', '11:43:05 AM', '01:06:40 PM');
INSERT INTO Attendance (AttendanceID, EmployeeID, Date, TimeIn, TimeOut) VALUES (45, 16, '2022-04-17', '08:35:04 AM', '05:13:01 PM');
INSERT INTO Attendance (AttendanceID, EmployeeID, Date, TimeIn, TimeOut) VALUES (27, 16, '2021-05-16', '09:08:51 AM', '02:04:50 PM');
INSERT INTO Attendance (AttendanceID, EmployeeID, Date, TimeIn, TimeOut) VALUES (21, 16, '2021-10-13', '08:05:30 AM', '03:15:18 PM');
INSERT INTO Attendance (AttendanceID, EmployeeID, Date, TimeIn, TimeOut) VALUES (9, 16, '2021-04-15', '10:33:30 AM', '06:17:25 PM');
INSERT INTO Attendance (AttendanceID, EmployeeID, Date, TimeIn, TimeOut) VALUES (20, 16, '2022-10-05', '10:46:11 AM', '05:47:56 PM');
INSERT INTO Attendance (AttendanceID, EmployeeID, Date, TimeIn, TimeOut) VALUES (21, 17, '2021-07-22', '09:06:20 AM', '06:28:01 PM');
INSERT INTO Attendance (AttendanceID, EmployeeID, Date, TimeIn, TimeOut) VALUES (4, 17, '2022-07-05', '11:37:11 AM', '02:03:50 PM');
INSERT INTO Attendance (AttendanceID, EmployeeID, Date, TimeIn, TimeOut) VALUES (30, 17, '2022-01-23', '09:32:49 AM', '06:04:10 PM');
INSERT INTO Attendance (AttendanceID, EmployeeID, Date, TimeIn, TimeOut) VALUES (30, 17, '2021-01-20', '08:47:53 AM', '06:47:55 PM');
INSERT INTO Attendance (AttendanceID, EmployeeID, Date, TimeIn, TimeOut) VALUES (34, 17, '2022-10-01', '10:34:35 AM', '06:13:15 PM');
INSERT INTO Attendance (AttendanceID, EmployeeID, Date, TimeIn, TimeOut) VALUES (17, 18, '2021-10-19', '10:00:29 AM', '05:34:48 PM');
INSERT INTO Attendance (AttendanceID, EmployeeID, Date, TimeIn, TimeOut) VALUES (31, 18, '2022-06-16', '09:39:35 AM', '06:35:50 PM');
INSERT INTO Attendance (AttendanceID, EmployeeID, Date, TimeIn, TimeOut) VALUES (48, 18, '2022-04-05', '11:04:26 AM', '04:55:40 PM');
INSERT INTO Attendance (AttendanceID, EmployeeID, Date, TimeIn, TimeOut) VALUES (42, 18, '2022-04-26', '11:23:43 AM', '04:19:40 PM');
INSERT INTO Attendance (AttendanceID, EmployeeID, Date, TimeIn, TimeOut) VALUES (11, 18, '2021-08-06', '09:21:46 AM', '06:59:05 PM');
INSERT INTO Attendance (AttendanceID, EmployeeID, Date, TimeIn, TimeOut) VALUES (31, 19, '2022-10-26', '09:54:26 AM', '01:52:36 PM');
INSERT INTO Attendance (AttendanceID, EmployeeID, Date, TimeIn, TimeOut) VALUES (13, 19, '2021-12-22', '09:16:15 AM', '02:32:47 PM');
INSERT INTO Attendance (AttendanceID, EmployeeID, Date, TimeIn, TimeOut) VALUES (24, 19, '2022-07-05', '08:45:45 AM', '02:47:05 PM');
INSERT INTO Attendance (AttendanceID, EmployeeID, Date, TimeIn, TimeOut) VALUES (46, 19, '2022-07-23', '08:44:08 AM', '03:07:54 PM');
INSERT INTO Attendance (AttendanceID, EmployeeID, Date, TimeIn, TimeOut) VALUES (1, 19, '2021-02-21', '10:54:35 AM', '05:15:02 PM');
INSERT INTO Attendance (AttendanceID, EmployeeID, Date, TimeIn, TimeOut) VALUES (48, 20, '2022-07-26', '10:43:56 AM', '06:28:45 PM');
INSERT INTO Attendance (AttendanceID, EmployeeID, Date, TimeIn, TimeOut) VALUES (13, 20, '2021-09-15', '09:06:21 AM', '01:40:09 PM');
INSERT INTO Attendance (AttendanceID, EmployeeID, Date, TimeIn, TimeOut) VALUES (2, 20, '2022-12-24', '11:16:49 AM', '05:52:04 PM');
INSERT INTO Attendance (AttendanceID, EmployeeID, Date, TimeIn, TimeOut) VALUES (29, 20, '2022-02-21', '08:07:54 AM', '01:09:12 PM');
INSERT INTO Attendance (AttendanceID, EmployeeID, Date, TimeIn, TimeOut) VALUES (38, 20, '2022-05-21', '09:00:04 AM', '06:17:47 PM');
INSERT INTO Attendance (AttendanceID, EmployeeID, Date, TimeIn, TimeOut) VALUES (19, 21, '2022-08-03', '11:11:05 AM', '04:44:07 PM');
INSERT INTO Attendance (AttendanceID, EmployeeID, Date, TimeIn, TimeOut) VALUES (19, 21, '2021-12-22', '10:17:11 AM', '05:18:55 PM');
INSERT INTO Attendance (AttendanceID, EmployeeID, Date, TimeIn, TimeOut) VALUES (43, 21, '2022-01-05', '08:11:13 AM', '01:27:10 PM');
INSERT INTO Attendance (AttendanceID, EmployeeID, Date, TimeIn, TimeOut) VALUES (25, 21, '2022-11-18', '11:58:07 AM', '05:54:38 PM');
INSERT INTO Attendance (AttendanceID, EmployeeID, Date, TimeIn, TimeOut) VALUES (17, 21, '2022-02-12', '11:37:20 AM', '02:56:18 PM');
INSERT INTO Attendance (AttendanceID, EmployeeID, Date, TimeIn, TimeOut) VALUES (26, 22, '2022-10-19', '11:17:51 AM', '02:28:12 PM');
INSERT INTO Attendance (AttendanceID, EmployeeID, Date, TimeIn, TimeOut) VALUES (14, 22, '2021-03-05', '08:32:26 AM', '03:54:29 PM');
INSERT INTO Attendance (AttendanceID, EmployeeID, Date, TimeIn, TimeOut) VALUES (35, 22, '2022-04-06', '09:56:07 AM', '01:55:06 PM');
INSERT INTO Attendance (AttendanceID, EmployeeID, Date, TimeIn, TimeOut) VALUES (8, 22, '2022-04-24', '10:09:43 AM', '05:57:24 PM');
INSERT INTO Attendance (AttendanceID, EmployeeID, Date, TimeIn, TimeOut) VALUES (50, 22, '2022-04-18', '11:11:35 AM', '05:11:17 PM');
INSERT INTO Attendance (AttendanceID, EmployeeID, Date, TimeIn, TimeOut) VALUES (10, 23, '2021-05-27', '10:46:19 AM', '01:43:18 PM');
INSERT INTO Attendance (AttendanceID, EmployeeID, Date, TimeIn, TimeOut) VALUES (16, 23, '2022-11-10', '11:26:07 AM', '01:59:34 PM');
INSERT INTO Attendance (AttendanceID, EmployeeID, Date, TimeIn, TimeOut) VALUES (35, 23, '2022-06-14', '10:56:32 AM', '02:24:35 PM');
INSERT INTO Attendance (AttendanceID, EmployeeID, Date, TimeIn, TimeOut) VALUES (40, 23, '2021-07-26', '09:04:43 AM', '01:47:06 PM');
INSERT INTO Attendance (AttendanceID, EmployeeID, Date, TimeIn, TimeOut) VALUES (48, 23, '2021-02-09', '08:20:04 AM', '05:51:22 PM');
INSERT INTO Attendance (AttendanceID, EmployeeID, Date, TimeIn, TimeOut) VALUES (14, 24, '2022-06-07', '11:13:50 AM', '01:27:07 PM');
INSERT INTO Attendance (AttendanceID, EmployeeID, Date, TimeIn, TimeOut) VALUES (33, 24, '2022-03-19', '10:43:50 AM', '03:54:25 PM');
INSERT INTO Attendance (AttendanceID, EmployeeID, Date, TimeIn, TimeOut) VALUES (29, 24, '2021-12-25', '11:00:46 AM', '02:04:16 PM');
INSERT INTO Attendance (AttendanceID, EmployeeID, Date, TimeIn, TimeOut) VALUES (26, 24, '2021-02-20', '10:03:43 AM', '02:14:11 PM');
INSERT INTO Attendance (AttendanceID, EmployeeID, Date, TimeIn, TimeOut) VALUES (17, 24, '2021-10-04', '10:42:34 AM', '05:08:34 PM');
INSERT INTO Attendance (AttendanceID, EmployeeID, Date, TimeIn, TimeOut) VALUES (44, 25, '2021-10-08', '09:10:49 AM', '06:53:11 PM');
INSERT INTO Attendance (AttendanceID, EmployeeID, Date, TimeIn, TimeOut) VALUES (48, 25, '2022-10-12', '10:40:20 AM', '06:41:06 PM');
INSERT INTO Attendance (AttendanceID, EmployeeID, Date, TimeIn, TimeOut) VALUES (16, 25, '2022-07-18', '09:37:00 AM', '02:47:04 PM');
INSERT INTO Attendance (AttendanceID, EmployeeID, Date, TimeIn, TimeOut) VALUES (9, 25, '2022-09-27', '08:22:47 AM', '02:24:20 PM');
INSERT INTO Attendance (AttendanceID, EmployeeID, Date, TimeIn, TimeOut) VALUES (8, 25, '2021-07-06', '08:19:02 AM', '01:20:28 PM');
INSERT INTO Attendance (AttendanceID, EmployeeID, Date, TimeIn, TimeOut) VALUES (4, 26, '2021-06-22', '08:59:56 AM', '05:16:13 PM');
INSERT INTO Attendance (AttendanceID, EmployeeID, Date, TimeIn, TimeOut) VALUES (9, 26, '2022-04-14', '09:03:10 AM', '04:33:52 PM');
INSERT INTO Attendance (AttendanceID, EmployeeID, Date, TimeIn, TimeOut) VALUES (7, 26, '2022-02-10', '11:37:01 AM', '05:15:51 PM');
INSERT INTO Attendance (AttendanceID, EmployeeID, Date, TimeIn, TimeOut) VALUES (37, 26, '2022-12-07', '09:17:17 AM', '06:54:54 PM');
INSERT INTO Attendance (AttendanceID, EmployeeID, Date, TimeIn, TimeOut) VALUES (43, 26, '2022-09-09', '10:30:50 AM', '05:44:58 PM');
INSERT INTO Attendance (AttendanceID, EmployeeID, Date, TimeIn, TimeOut) VALUES (11, 27, '2021-02-04', '09:50:45 AM', '02:16:35 PM');
INSERT INTO Attendance (AttendanceID, EmployeeID, Date, TimeIn, TimeOut) VALUES (36, 27, '2021-05-21', '08:03:00 AM', '06:13:01 PM');
INSERT INTO Attendance (AttendanceID, EmployeeID, Date, TimeIn, TimeOut) VALUES (17, 27, '2021-01-03', '10:14:45 AM', '06:47:21 PM');
INSERT INTO Attendance (AttendanceID, EmployeeID, Date, TimeIn, TimeOut) VALUES (40, 27, '2022-01-08', '10:29:26 AM', '03:48:51 PM');
INSERT INTO Attendance (AttendanceID, EmployeeID, Date, TimeIn, TimeOut) VALUES (19, 27, '2022-05-27', '11:30:07 AM', '04:21:03 PM');
INSERT INTO Attendance (AttendanceID, EmployeeID, Date, TimeIn, TimeOut) VALUES (41, 28, '2022-12-22', '11:24:19 AM', '06:07:32 PM');
INSERT INTO Attendance (AttendanceID, EmployeeID, Date, TimeIn, TimeOut) VALUES (19, 28, '2022-03-23', '08:02:51 AM', '06:32:30 PM');
INSERT INTO Attendance (AttendanceID, EmployeeID, Date, TimeIn, TimeOut) VALUES (22, 28, '2022-02-26', '09:07:46 AM', '03:41:16 PM');
INSERT INTO Attendance (AttendanceID, EmployeeID, Date, TimeIn, TimeOut) VALUES (37, 28, '2021-09-11', '11:51:03 AM', '05:16:52 PM');
INSERT INTO Attendance (AttendanceID, EmployeeID, Date, TimeIn, TimeOut) VALUES (48, 28, '2021-05-16', '11:23:55 AM', '01:39:56 PM');
INSERT INTO Attendance (AttendanceID, EmployeeID, Date, TimeIn, TimeOut) VALUES (23, 29, '2021-08-08', '09:31:54 AM', '05:59:39 PM');
INSERT INTO Attendance (AttendanceID, EmployeeID, Date, TimeIn, TimeOut) VALUES (47, 29, '2021-06-15', '11:59:10 AM', '06:01:12 PM');
INSERT INTO Attendance (AttendanceID, EmployeeID, Date, TimeIn, TimeOut) VALUES (20, 29, '2022-09-28', '11:45:54 AM', '01:05:01 PM');
INSERT INTO Attendance (AttendanceID, EmployeeID, Date, TimeIn, TimeOut) VALUES (18, 29, '2022-09-12', '11:18:19 AM', '06:03:40 PM');
INSERT INTO Attendance (AttendanceID, EmployeeID, Date, TimeIn, TimeOut) VALUES (44, 29, '2022-07-25', '11:41:17 AM', '02:22:24 PM');
INSERT INTO Attendance (AttendanceID, EmployeeID, Date, TimeIn, TimeOut) VALUES (15, 30, '2021-09-19', '08:08:22 AM', '04:10:59 PM');
INSERT INTO Attendance (AttendanceID, EmployeeID, Date, TimeIn, TimeOut) VALUES (45, 30, '2022-07-28', '11:18:23 AM', '05:31:44 PM');
INSERT INTO Attendance (AttendanceID, EmployeeID, Date, TimeIn, TimeOut) VALUES (45, 30, '2022-02-24', '10:22:32 AM', '03:10:13 PM');
INSERT INTO Attendance (AttendanceID, EmployeeID, Date, TimeIn, TimeOut) VALUES (40, 30, '2021-09-17', '11:21:55 AM', '06:34:20 PM');
INSERT INTO Attendance (AttendanceID, EmployeeID, Date, TimeIn, TimeOut) VALUES (36, 30, '2022-06-11', '09:22:27 AM', '05:25:34 PM');
INSERT INTO Attendance (AttendanceID, EmployeeID, Date, TimeIn, TimeOut) VALUES (38, 31, '2021-01-22', '11:00:28 AM', '02:44:32 PM');
INSERT INTO Attendance (AttendanceID, EmployeeID, Date, TimeIn, TimeOut) VALUES (15, 31, '2022-01-27', '11:06:08 AM', '04:53:20 PM');
INSERT INTO Attendance (AttendanceID, EmployeeID, Date, TimeIn, TimeOut) VALUES (34, 31, '2021-05-06', '10:02:10 AM', '02:19:54 PM');
INSERT INTO Attendance (AttendanceID, EmployeeID, Date, TimeIn, TimeOut) VALUES (8, 31, '2022-06-08', '10:29:03 AM', '03:24:16 PM');
INSERT INTO Attendance (AttendanceID, EmployeeID, Date, TimeIn, TimeOut) VALUES (2, 31, '2022-04-07', '11:55:02 AM', '02:04:31 PM');
INSERT INTO Attendance (AttendanceID, EmployeeID, Date, TimeIn, TimeOut) VALUES (19, 32, '2022-09-13', '10:07:59 AM', '02:37:41 PM');
INSERT INTO Attendance (AttendanceID, EmployeeID, Date, TimeIn, TimeOut) VALUES (25, 32, '2022-11-22', '10:10:12 AM', '04:46:15 PM');
INSERT INTO Attendance (AttendanceID, EmployeeID, Date, TimeIn, TimeOut) VALUES (40, 32, '2021-09-23', '09:35:52 AM', '04:44:03 PM');
INSERT INTO Attendance (AttendanceID, EmployeeID, Date, TimeIn, TimeOut) VALUES (22, 32, '2022-09-05', '09:16:21 AM', '06:02:04 PM');
INSERT INTO Attendance (AttendanceID, EmployeeID, Date, TimeIn, TimeOut) VALUES (25, 32, '2022-01-07', '08:42:47 AM', '01:30:49 PM');
INSERT INTO Attendance (AttendanceID, EmployeeID, Date, TimeIn, TimeOut) VALUES (46, 33, '2021-06-13', '11:50:25 AM', '04:33:52 PM');
INSERT INTO Attendance (AttendanceID, EmployeeID, Date, TimeIn, TimeOut) VALUES (35, 33, '2022-04-20', '09:45:44 AM', '04:08:29 PM');
INSERT INTO Attendance (AttendanceID, EmployeeID, Date, TimeIn, TimeOut) VALUES (26, 33, '2022-01-24', '09:51:03 AM', '05:51:51 PM');
INSERT INTO Attendance (AttendanceID, EmployeeID, Date, TimeIn, TimeOut) VALUES (43, 33, '2021-04-10', '11:51:42 AM', '05:21:45 PM');
INSERT INTO Attendance (AttendanceID, EmployeeID, Date, TimeIn, TimeOut) VALUES (43, 33, '2021-10-02', '10:20:20 AM', '05:32:16 PM');
INSERT INTO Attendance (AttendanceID, EmployeeID, Date, TimeIn, TimeOut) VALUES (32, 34, '2022-07-03', '10:45:52 AM', '06:44:11 PM');
INSERT INTO Attendance (AttendanceID, EmployeeID, Date, TimeIn, TimeOut) VALUES (5, 34, '2022-07-12', '09:06:00 AM', '04:40:57 PM');
INSERT INTO Attendance (AttendanceID, EmployeeID, Date, TimeIn, TimeOut) VALUES (18, 34, '2022-04-13', '08:36:46 AM', '03:50:38 PM');
INSERT INTO Attendance (AttendanceID, EmployeeID, Date, TimeIn, TimeOut) VALUES (5, 34, '2022-07-08', '11:06:05 AM', '04:58:30 PM');
INSERT INTO Attendance (AttendanceID, EmployeeID, Date, TimeIn, TimeOut) VALUES (33, 34, '2021-04-28', '09:07:13 AM', '01:54:22 PM');
INSERT INTO Attendance (AttendanceID, EmployeeID, Date, TimeIn, TimeOut) VALUES (4, 35, '2021-02-16', '10:00:32 AM', '02:13:37 PM');
INSERT INTO Attendance (AttendanceID, EmployeeID, Date, TimeIn, TimeOut) VALUES (5, 35, '2022-09-27', '08:21:03 AM', '05:57:02 PM');
INSERT INTO Attendance (AttendanceID, EmployeeID, Date, TimeIn, TimeOut) VALUES (29, 35, '2021-09-14', '11:02:36 AM', '04:06:27 PM');
INSERT INTO Attendance (AttendanceID, EmployeeID, Date, TimeIn, TimeOut) VALUES (33, 35, '2021-01-09', '09:33:29 AM', '03:43:37 PM');
INSERT INTO Attendance (AttendanceID, EmployeeID, Date, TimeIn, TimeOut) VALUES (7, 35, '2021-04-13', '11:12:28 AM', '02:24:13 PM');
INSERT INTO Attendance (AttendanceID, EmployeeID, Date, TimeIn, TimeOut) VALUES (19, 36, '2022-01-06', '08:08:15 AM', '02:15:10 PM');
INSERT INTO Attendance (AttendanceID, EmployeeID, Date, TimeIn, TimeOut) VALUES (22, 36, '2021-11-18', '08:07:54 AM', '03:40:59 PM');
INSERT INTO Attendance (AttendanceID, EmployeeID, Date, TimeIn, TimeOut) VALUES (7, 36, '2021-08-13', '09:22:23 AM', '02:25:35 PM');
INSERT INTO Attendance (AttendanceID, EmployeeID, Date, TimeIn, TimeOut) VALUES (30, 36, '2022-11-02', '11:43:37 AM', '04:30:51 PM');
INSERT INTO Attendance (AttendanceID, EmployeeID, Date, TimeIn, TimeOut) VALUES (25, 36, '2022-09-04', '09:45:37 AM', '04:35:42 PM');
INSERT INTO Attendance (AttendanceID, EmployeeID, Date, TimeIn, TimeOut) VALUES (24, 37, '2021-08-22', '08:19:40 AM', '05:45:55 PM');
INSERT INTO Attendance (AttendanceID, EmployeeID, Date, TimeIn, TimeOut) VALUES (9, 37, '2022-05-24', '08:05:07 AM', '01:02:11 PM');
INSERT INTO Attendance (AttendanceID, EmployeeID, Date, TimeIn, TimeOut) VALUES (32, 37, '2022-11-05', '08:59:22 AM', '01:58:19 PM');
INSERT INTO Attendance (AttendanceID, EmployeeID, Date, TimeIn, TimeOut) VALUES (25, 37, '2021-10-26', '11:23:01 AM', '01:43:40 PM');
INSERT INTO Attendance (AttendanceID, EmployeeID, Date, TimeIn, TimeOut) VALUES (16, 37, '2021-08-03', '11:48:22 AM', '01:17:49 PM');
INSERT INTO Attendance (AttendanceID, EmployeeID, Date, TimeIn, TimeOut) VALUES (38, 38, '2022-03-28', '09:49:36 AM', '04:28:48 PM');
INSERT INTO Attendance (AttendanceID, EmployeeID, Date, TimeIn, TimeOut) VALUES (28, 38, '2021-12-24', '11:48:20 AM', '03:19:21 PM');
INSERT INTO Attendance (AttendanceID, EmployeeID, Date, TimeIn, TimeOut) VALUES (4, 38, '2022-03-13', '09:22:12 AM', '02:24:37 PM');
INSERT INTO Attendance (AttendanceID, EmployeeID, Date, TimeIn, TimeOut) VALUES (46, 38, '2021-08-07', '08:49:57 AM', '02:12:22 PM');
INSERT INTO Attendance (AttendanceID, EmployeeID, Date, TimeIn, TimeOut) VALUES (33, 38, '2021-07-25', '09:16:59 AM', '02:31:28 PM');
INSERT INTO Attendance (AttendanceID, EmployeeID, Date, TimeIn, TimeOut) VALUES (45, 39, '2021-03-10', '11:28:05 AM', '03:58:18 PM');
INSERT INTO Attendance (AttendanceID, EmployeeID, Date, TimeIn, TimeOut) VALUES (22, 39, '2021-10-24', '10:44:35 AM', '04:56:25 PM');
INSERT INTO Attendance (AttendanceID, EmployeeID, Date, TimeIn, TimeOut) VALUES (41, 39, '2021-05-10', '09:30:52 AM', '04:42:27 PM');
INSERT INTO Attendance (AttendanceID, EmployeeID, Date, TimeIn, TimeOut) VALUES (32, 39, '2022-04-14', '08:28:00 AM', '05:25:44 PM');
INSERT INTO Attendance (AttendanceID, EmployeeID, Date, TimeIn, TimeOut) VALUES (34, 39, '2022-02-26', '10:34:23 AM', '05:00:05 PM');
INSERT INTO Attendance (AttendanceID, EmployeeID, Date, TimeIn, TimeOut) VALUES (13, 40, '2021-01-02', '08:55:07 AM', '06:41:38 PM');
INSERT INTO Attendance (AttendanceID, EmployeeID, Date, TimeIn, TimeOut) VALUES (14, 40, '2021-09-28', '08:20:16 AM', '06:41:24 PM');
INSERT INTO Attendance (AttendanceID, EmployeeID, Date, TimeIn, TimeOut) VALUES (47, 40, '2022-03-25', '11:58:30 AM', '03:11:00 PM');
INSERT INTO Attendance (AttendanceID, EmployeeID, Date, TimeIn, TimeOut) VALUES (50, 40, '2021-09-25', '08:20:33 AM', '01:23:35 PM');
INSERT INTO Attendance (AttendanceID, EmployeeID, Date, TimeIn, TimeOut) VALUES (1, 40, '2021-08-11', '08:40:40 AM', '04:09:12 PM');
INSERT INTO Attendance (AttendanceID, EmployeeID, Date, TimeIn, TimeOut) VALUES (15, 41, '2021-03-24', '11:39:09 AM', '02:06:38 PM');
INSERT INTO Attendance (AttendanceID, EmployeeID, Date, TimeIn, TimeOut) VALUES (25, 41, '2021-01-01', '08:36:56 AM', '04:18:13 PM');
INSERT INTO Attendance (AttendanceID, EmployeeID, Date, TimeIn, TimeOut) VALUES (30, 41, '2021-10-02', '08:31:01 AM', '02:52:33 PM');
INSERT INTO Attendance (AttendanceID, EmployeeID, Date, TimeIn, TimeOut) VALUES (32, 41, '2021-09-17', '11:39:38 AM', '06:00:13 PM');
INSERT INTO Attendance (AttendanceID, EmployeeID, Date, TimeIn, TimeOut) VALUES (13, 41, '2022-12-22', '11:47:05 AM', '03:33:46 PM');
INSERT INTO Attendance (AttendanceID, EmployeeID, Date, TimeIn, TimeOut) VALUES (23, 42, '2021-01-22', '08:05:07 AM', '06:48:07 PM');
INSERT INTO Attendance (AttendanceID, EmployeeID, Date, TimeIn, TimeOut) VALUES (27, 42, '2022-04-16', '10:03:11 AM', '03:46:25 PM');
INSERT INTO Attendance (AttendanceID, EmployeeID, Date, TimeIn, TimeOut) VALUES (22, 42, '2022-06-07', '10:40:26 AM', '04:56:32 PM');
INSERT INTO Attendance (AttendanceID, EmployeeID, Date, TimeIn, TimeOut) VALUES (5, 42, '2021-12-12', '10:14:47 AM', '03:35:17 PM');
INSERT INTO Attendance (AttendanceID, EmployeeID, Date, TimeIn, TimeOut) VALUES (11, 42, '2021-01-02', '09:48:19 AM', '02:08:50 PM');
INSERT INTO Attendance (AttendanceID, EmployeeID, Date, TimeIn, TimeOut) VALUES (6, 43, '2021-05-09', '08:40:25 AM', '04:24:55 PM');
INSERT INTO Attendance (AttendanceID, EmployeeID, Date, TimeIn, TimeOut) VALUES (13, 43, '2022-11-19', '09:16:05 AM', '04:39:49 PM');
INSERT INTO Attendance (AttendanceID, EmployeeID, Date, TimeIn, TimeOut) VALUES (29, 43, '2022-04-02', '09:05:19 AM', '05:11:50 PM');
INSERT INTO Attendance (AttendanceID, EmployeeID, Date, TimeIn, TimeOut) VALUES (11, 43, '2022-08-10', '09:36:57 AM', '02:03:53 PM');
INSERT INTO Attendance (AttendanceID, EmployeeID, Date, TimeIn, TimeOut) VALUES (30, 43, '2022-02-13', '08:48:42 AM', '01:25:07 PM');
INSERT INTO Attendance (AttendanceID, EmployeeID, Date, TimeIn, TimeOut) VALUES (20, 44, '2021-12-07', '10:42:34 AM', '02:53:46 PM');
INSERT INTO Attendance (AttendanceID, EmployeeID, Date, TimeIn, TimeOut) VALUES (26, 44, '2022-05-20', '11:41:59 AM', '03:31:24 PM');
INSERT INTO Attendance (AttendanceID, EmployeeID, Date, TimeIn, TimeOut) VALUES (44, 44, '2022-02-10', '10:07:31 AM', '02:33:28 PM');
INSERT INTO Attendance (AttendanceID, EmployeeID, Date, TimeIn, TimeOut) VALUES (11, 44, '2022-03-27', '08:32:17 AM', '05:20:06 PM');
INSERT INTO Attendance (AttendanceID, EmployeeID, Date, TimeIn, TimeOut) VALUES (6, 44, '2021-01-22', '10:06:29 AM', '05:59:35 PM');
INSERT INTO Attendance (AttendanceID, EmployeeID, Date, TimeIn, TimeOut) VALUES (46, 45, '2021-04-11', '09:11:25 AM', '04:45:31 PM');
INSERT INTO Attendance (AttendanceID, EmployeeID, Date, TimeIn, TimeOut) VALUES (42, 45, '2022-11-26', '08:02:06 AM', '06:46:31 PM');
INSERT INTO Attendance (AttendanceID, EmployeeID, Date, TimeIn, TimeOut) VALUES (17, 45, '2022-09-12', '11:57:37 AM', '01:27:31 PM');
INSERT INTO Attendance (AttendanceID, EmployeeID, Date, TimeIn, TimeOut) VALUES (33, 45, '2022-01-11', '11:32:32 AM', '05:51:27 PM');
INSERT INTO Attendance (AttendanceID, EmployeeID, Date, TimeIn, TimeOut) VALUES (3, 45, '2021-10-26', '09:25:01 AM', '01:57:06 PM');
INSERT INTO Attendance (AttendanceID, EmployeeID, Date, TimeIn, TimeOut) VALUES (9, 46, '2021-06-11', '09:54:09 AM', '04:18:49 PM');
INSERT INTO Attendance (AttendanceID, EmployeeID, Date, TimeIn, TimeOut) VALUES (29, 46, '2022-07-24', '11:48:19 AM', '01:06:55 PM');
INSERT INTO Attendance (AttendanceID, EmployeeID, Date, TimeIn, TimeOut) VALUES (49, 46, '2022-05-18', '10:58:14 AM', '04:32:10 PM');
INSERT INTO Attendance (AttendanceID, EmployeeID, Date, TimeIn, TimeOut) VALUES (25, 46, '2022-02-26', '08:13:36 AM', '03:38:50 PM');
INSERT INTO Attendance (AttendanceID, EmployeeID, Date, TimeIn, TimeOut) VALUES (48, 46, '2022-05-10', '10:50:56 AM', '06:45:59 PM');
INSERT INTO Attendance (AttendanceID, EmployeeID, Date, TimeIn, TimeOut) VALUES (23, 47, '2021-01-11', '08:11:36 AM', '06:49:16 PM');
INSERT INTO Attendance (AttendanceID, EmployeeID, Date, TimeIn, TimeOut) VALUES (6, 47, '2021-12-17', '11:18:04 AM', '03:20:32 PM');
INSERT INTO Attendance (AttendanceID, EmployeeID, Date, TimeIn, TimeOut) VALUES (24, 47, '2021-05-15', '11:32:27 AM', '04:45:14 PM');
INSERT INTO Attendance (AttendanceID, EmployeeID, Date, TimeIn, TimeOut) VALUES (14, 47, '2022-10-14', '09:34:40 AM', '01:49:42 PM');
INSERT INTO Attendance (AttendanceID, EmployeeID, Date, TimeIn, TimeOut) VALUES (43, 47, '2021-04-26', '09:03:20 AM', '05:30:39 PM');
INSERT INTO Attendance (AttendanceID, EmployeeID, Date, TimeIn, TimeOut) VALUES (30, 48, '2022-04-06', '09:31:38 AM', '01:51:03 PM');
INSERT INTO Attendance (AttendanceID, EmployeeID, Date, TimeIn, TimeOut) VALUES (32, 48, '2021-04-22', '08:56:59 AM', '01:00:02 PM');
INSERT INTO Attendance (AttendanceID, EmployeeID, Date, TimeIn, TimeOut) VALUES (26, 48, '2021-03-23', '10:35:52 AM', '03:42:27 PM');
INSERT INTO Attendance (AttendanceID, EmployeeID, Date, TimeIn, TimeOut) VALUES (8, 48, '2021-10-15', '10:25:44 AM', '02:18:55 PM');
INSERT INTO Attendance (AttendanceID, EmployeeID, Date, TimeIn, TimeOut) VALUES (47, 48, '2021-08-08', '10:35:00 AM', '04:58:23 PM');
INSERT INTO Attendance (AttendanceID, EmployeeID, Date, TimeIn, TimeOut) VALUES (47, 49, '2022-02-15', '10:08:19 AM', '05:06:10 PM');
INSERT INTO Attendance (AttendanceID, EmployeeID, Date, TimeIn, TimeOut) VALUES (9, 49, '2021-11-27', '10:02:46 AM', '06:43:00 PM');
INSERT INTO Attendance (AttendanceID, EmployeeID, Date, TimeIn, TimeOut) VALUES (4, 49, '2021-02-17', '10:19:06 AM', '02:55:49 PM');
INSERT INTO Attendance (AttendanceID, EmployeeID, Date, TimeIn, TimeOut) VALUES (42, 49, '2022-01-09', '11:54:36 AM', '03:34:37 PM');
INSERT INTO Attendance (AttendanceID, EmployeeID, Date, TimeIn, TimeOut) VALUES (30, 49, '2021-10-08', '10:38:38 AM', '05:30:50 PM');
INSERT INTO Attendance (AttendanceID, EmployeeID, Date, TimeIn, TimeOut) VALUES (16, 50, '2021-10-11', '11:46:54 AM', '06:43:50 PM');
INSERT INTO Attendance (AttendanceID, EmployeeID, Date, TimeIn, TimeOut) VALUES (20, 50, '2021-03-19', '10:57:07 AM', '05:23:15 PM');
INSERT INTO Attendance (AttendanceID, EmployeeID, Date, TimeIn, TimeOut) VALUES (40, 50, '2021-10-17', '11:35:26 AM', '06:38:46 PM');
INSERT INTO Attendance (AttendanceID, EmployeeID, Date, TimeIn, TimeOut) VALUES (31, 50, '2022-09-06', '09:06:38 AM', '02:58:57 PM');
INSERT INTO Attendance (AttendanceID, EmployeeID, Date, TimeIn, TimeOut) VALUES (38, 50, '2022-08-14', '11:55:28 AM', '04:57:27 PM');

INSERT INTO Attendance (AttendanceID, EmployeeID, Date, TimeIn, TimeOut)
VALUES
(51, 43, '2021-10-05', '08:30:00 AM', '04:30:00 PM'),
(52, 44, '2021-11-15', '10:00:00 AM', '06:00:00 PM'),
(53, 45, '2021-12-25', '08:00:00 AM', '05:00:00 PM'),
(54, 46, '2022-01-05', '09:30:00 AM', '05:30:00 PM'),
(55, 47, '2022-02-10', '08:00:00 AM', '04:00:00 PM'),
(56, 48, '2022-03-15', '09:00:00 AM', '05:00:00 PM'),
(57, 49, '2022-04-20', '08:30:00 AM', '04:30:00 PM'),
(58, 50, '2022-05-05', '09:30:00 AM', '05:30:00 PM'),
(59, 51, '2022-06-10', '08:00:00 AM', '04:00:00 PM'),
(60, 52, '2022-07-15', '09:00:00 AM', '05:00:00 PM'),
(61, 53, '2022-08-20', '08:30:00 AM', '04:30:00 PM'),
(62, 54, '2022-09-25', '09:30:00 AM', '05:30:00 PM'),
(63, 55, '2022-10-10', '08:00:00 AM', '04:00:00 PM'),
(64, 56, '2022-11-15', '09:00:00 AM', '05:00:00 PM'),
(65, 57, '2022-12-20', '08:30:00 AM', '04:30:00 PM'),
(66, 58, '2023-01-05', '09:30:00 AM', '05:30:00 PM'),
(67, 59, '2023-02-10', '08:00:00 AM', '04:00:00 PM'),
(68, 60, '2023-03-15', '09:00:00 AM', '05:00:00 PM'),
(69, 61, '2023-04-20', '08:30:00 AM', '04:30:00 PM'),
(70, 62, '2023-05-05', '09:30:00 AM', '05:30:00 PM'),
(71, 63, '2023-06-10', '08:00:00 AM', '04:00:00 PM'),
(72, 64, '2023-07-15', '09:00:00 AM', '05:00:00 PM'),
(73, 65, '2023-08-20', '08:30:00 AM', '04:30:00 PM'),
(74, 66, '2023-09-25', '09:30:00 AM', '05:30:00 PM'),
(75, 67, '2023-10-10', '08:00:00 AM', '04:00:00 PM'),
(76, 68, '2023-11-15', '09:00:00 AM', '05:00:00 PM'),
(77, 69, '2023-12-20', '08:30:00 AM', '04:30:00 PM'),
(78, 70, '2024-01-05', '09:30:00 AM', '05:30:00 PM'),
(79, 71, '2024-02-10', '08:00:00 AM', '04:00:00 PM'),
(80, 72, '2024-03-15', '09:00:00 AM', '05:00:00 PM'),
(81, 73, '2024-04-20', '08:30:00 AM', '04:30:00 PM'),
(82, 74, '2024-05-05', '09:30:00 AM', '05:30:00 PM'),
(83, 75, '2024-06-10', '08:00:00 AM', '04:00:00 PM'),
(84, 76, '2024-07-15', '09:00:00 AM', '05:00:00 PM'),
(85, 77, '2024-08-20', '08:30:00 AM', '04:30:00 PM'),
(86, 78, '2024-09-25', '09:30:00 AM', '05:30:00 PM'),
(87, 79, '2024-10-10', '08:00:00 AM', '04:00:00 PM'),
(88, 80, '2024-11-15', '09:00:00 AM', '05:00:00 PM'),
(89, 81, '2024-12-20', '08:30:00 AM', '04:30:00 PM'),
(90, 82, '2025-01-05', '09:30:00 AM', '05:30:00 PM'),
(91, 83, '2025-02-10', '08:00:00 AM', '04:00:00 PM'),
(92, 84, '2025-03-15', '09:00:00 AM', '05:00:00 PM'),
(93, 85, '2025-04-20', '08:30:00 AM', '04:30:00 PM'),
(94, 86, '2025-05-05', '09:30:00 AM', '05:30:00 PM'),
(95, 87, '2025-06-10', '08:00:00 AM', '04:00:00 PM'),
(96, 88, '2025-07-15', '09:00:00 AM', '05:00:00 PM'),
(97, 89, '2025-08-20', '08:30:00 AM', '04:30:00 PM'),
(98, 90, '2025-09-25', '09:30:00 AM', '05:30:00 PM'),
(100,92, '2025-11-15', '09:00:00 AM', '05:00:00 PM');

INSERT INTO Attendance (AttendanceID, EmployeeID, Date, TimeIn, TimeOut)
VALUES
(99, 91, '2025-10-10', '08:00:00 AM', '04:00:00 PM'),
(101, 46, '2022-01-05', '09:00:00 AM', '05:00:00 PM'),
(102, 47, '2022-02-15', '08:30:00 AM', '04:30:00 PM'),
(103, 48, '2022-03-25', '09:15:00 AM', '05:15:00 PM'),
(104, 49, '2022-04-05', '08:00:00 AM', '04:00:00 PM'),
(105, 50, '2022-05-10', '09:00:00 AM', '05:00:00 PM'),
(106, 51, '2022-06-15', '08:30:00 AM', '04:30:00 PM'),
(107, 52, '2022-07-25', '09:15:00 AM', '05:15:00 PM'),
(108, 53, '2022-08-05', '08:00:00 AM', '04:00:00 PM'),
(109, 54, '2022-09-10', '09:00:00 AM', '05:00:00 PM'),
(110, 55, '2022-10-15', '08:30:00 AM', '04:30:00 PM'),
(111, 56, '2022-11-25', '09:15:00 AM', '05:15:00 PM'),
(112, 57, '2022-12-05', '08:00:00 AM', '04:00:00 PM'),
(113, 58, '2023-01-10', '09:00:00 AM', '05:00:00 PM'),
(114, 59, '2023-02-15', '08:30:00 AM', '04:30:00 PM'),
(115, 60, '2023-03-25', '09:15:00 AM', '05:15:00 PM'),
(116, 61, '2023-04-05', '08:00:00 AM', '04:00:00 PM'),
(117, 62, '2023-05-10', '09:00:00 AM', '05:00:00 PM'),
(118, 63, '2023-06-15', '08:30:00 AM', '04:30:00 PM'),
(119, 64, '2023-07-25', '09:15:00 AM', '05:15:00 PM'),
(120, 65, '2023-08-05', '08:00:00 AM', '04:00:00 PM'),
(121, 66, '2023-09-10', '09:00:00 AM', '05:00:00 PM'),
(122, 67, '2023-10-15', '08:30:00 AM', '04:30:00 PM'),
(123, 68, '2023-11-25', '09:15:00 AM', '05:15:00 PM'),
(124, 69, '2023-12-05', '08:00:00 AM', '04:00:00 PM'),
(125, 70, '2024-01-10', '09:00:00 AM', '05:00:00 PM'),
(126, 71, '2024-02-15', '08:30:00 AM', '04:30:00 PM'),
(127, 72, '2024-03-25', '09:15:00 AM', '05:15:00 PM'),
(128, 73, '2024-04-05', '08:00:00 AM', '04:00:00 PM'),
(129, 74, '2024-05-10', '09:00:00 AM', '05:00:00 PM'),
(130, 75, '2024-06-15', '08:30:00 AM', '04:30:00 PM'),
(131, 76, '2024-07-25', '09:15:00 AM', '05:15:00 PM'),
(132, 77, '2024-08-05', '08:00:00 AM', '04:00:00 PM'),
(133, 78, '2024-09-10', '09:00:00 AM', '05:00:00 PM'),
(134, 79, '2024-10-15', '08:30:00 AM', '04:30:00 PM'),
(135, 80, '2024-11-25', '09:15:00 AM', '05:15:00 PM'),
(136, 81, '2024-12-05', '08:00:00 AM', '04:00:00 PM'),
(137, 82, '2025-01-10', '09:00:00 AM', '05:00:00 PM'),
(138, 83, '2025-02-15', '08:30:00 AM', '04:30:00 PM'),
(139, 84, '2025-03-25', '09:15:00 AM', '05:15:00 PM'),
(140, 85, '2025-04-05', '08:00:00 AM', '04:00:00 PM'),
(141, 86, '2025-05-10', '09:00:00 AM', '05:00:00 PM'),
(142, 87, '2025-06-15', '08:30:00 AM', '04:30:00 PM'),
(143, 88, '2025-07-25', '09:15:00 AM', '05:15:00 PM'),
(144, 89, '2025-08-05', '08:00:00 AM', '04:00:00 PM'),
(145, 90, '2025-09-10', '09:00:00 AM', '05:00:00 PM'),
(146, 44, '2025-10-15', '08:30:00 AM', '04:30:00 PM'),
(147, 92, '2025-11-25', '09:15:00 AM', '05:15:00 PM'),
(148, 93, '2025-12-05', '08:00:00 AM', '04:00:00 PM'),
(149, 94, '2026-01-10', '09:00:00 AM', '05:00:00 PM'),
(150, 95, '2026-02-15', '08:30:00 AM', '04:30:00 PM');
INSERT INTO Attendance (AttendanceID, EmployeeID, Date, TimeIn, TimeOut)
VALUES
(151, 49, '2022-04-05', '08:45:00 AM', '05:30:00 PM'),
(152, 50, '2022-05-15', '09:30:00 AM', '05:30:00 PM'),
(153, 40, '2022-06-25', '08:00:00 AM', '04:00:00 PM'),
(154, 41, '2022-07-05', '08:15:00 AM', '04:15:00 PM'),
(155, 42, '2022-08-15', '08:30:00 AM', '04:30:00 PM'),
(156, 43, '2022-09-25', '08:45:00 AM', '05:25:00 PM'),
(157, 44, '2022-10-05', '09:00:00 AM', '05:00:00 PM'),
(158, 45, '2022-11-15', '09:15:00 AM', '05:15:00 PM'),
(159, 46, '2022-12-25', '09:30:00 AM', '05:30:00 PM'),
(160, 47, '2023-01-05', '09:45:00 AM', '04:45:00 PM'),
(161, 48, '2023-02-15', '10:00:00 AM', '03:00:00 PM'),
(162, 49, '2023-03-25', '10:15:00 AM', '02:15:00 PM'),
(163, 50, '2023-04-05', '10:30:00 AM', '05:30:00 PM'),
(164, 51, '2023-05-15', '10:45:00 AM', '04:45:00 PM'),
(165, 52, '2023-06-25', '11:00:00 AM', '04:00:00 PM'),
(166, 53, '2023-07-05', '11:15:00 AM', '04:15:00 PM'),
(167, 54, '2023-08-15', '11:30:00 AM', '03:30:00 PM'),
(168, 55, '2023-09-25', '11:45:00 AM', '03:45:00 PM'),
(169, 56, '2023-10-05', '12:00:00 PM', '04:00:00 PM'),
(170, 57, '2023-11-15', '12:15:00 PM', '05:15:00 PM'),
(171, 58, '2023-12-25', '12:30:00 PM', '05:30:00 PM'),
(172, 59, '2024-01-05', '12:45:00 PM', '02:45:00 PM'),
(173, 60, '2024-02-15', '01:00:00 PM', '03:00:00 PM'),
(174, 61, '2024-03-25', '01:15:00 PM', '03:15:00 PM'),
(175, 62, '2024-04-05', '01:30:00 PM', '4:30:00 PM'),
(176, 63, '2024-05-15', '01:45:00 PM', '4:45:00 PM'),
(177, 64, '2024-06-25', '02:00:00 PM', '04:00:00 PM'),
(178, 65, '2024-07-05', '02:15:00 PM', '04:15:00 PM'),
(179, 66, '2024-08-15', '02:30:00 PM', '04:30:00 PM'),
(180, 67, '2024-09-25', '02:45:00 PM', '03:45:00 PM');
INSERT INTO Attendance (AttendanceID, EmployeeID, Date, TimeIn, TimeOut)
VALUES
(181, 68, '2024-10-05', '10:00:00 AM', '05:00:00 PM'),
(182, 69, '2024-11-15', '03:15:00 PM', '04:15:00 PM'),
(183, 70, '2024-12-25', '03:30:00 PM', '05:30:00 PM'),
(184, 71, '2025-01-05', '03:45:00 PM', '04:45:00 PM'),
(185, 72, '2025-02-15', '08:30:00 AM', '01:00:00 PM'),
(186, 73, '2025-03-25', '09:15:00 AM', '01:15:00 PM'),
(187, 74, '2025-04-05', '10:30:00 AM', '01:30:00 PM'),
(188, 75, '2025-05-15', '01:45:00 AM', '02:45:00 PM'),
(189, 76, '2025-06-25', '11:00:00 AM', '02:00:00 PM'),
(190, 77, '2025-07-05', '10:15:00 AM', '02:15:00 PM'),
(191, 78, '2025-08-15', '9:30:00 AM', '02:30:00 PM'),
(192, 79, '2025-08-15', '10:30:00 AM', '02:30:00 PM'),
(193, 80, '2025-09-25', '8:45:00 AM', '02:45:00 PM'),
(194, 81, '2025-10-05', '10:00:00 AM', '03:00:00 PM'),
(195, 82, '2025-11-15', '09:15:00 AM', '03:15:00 PM'),
(196, 83, '2025-12-25', '12:30:00 PM', '03:30:00 PM'),
(197, 84, '2026-01-05', '11:45:00 AM', '03:45:00 PM'),
(198, 85, '2026-02-15', '10:00:00 AM', '04:00:00 PM'),
(199, 86, '2026-03-25', '09:15:00 AM', '04:15:00 PM'),
(200, 87, '2026-04-05', '09:30:00 AM', '04:30:00 PM');
INSERT INTO Attendance (AttendanceID, EmployeeID, Date, TimeIn, TimeOut)
VALUES
(201, 41, '2022-07-05', '08:30:00 AM', '04:30:00 PM'),
(202, 42, '2022-08-15', '09:00:00 AM', '05:00:00 PM'),
(203, 43, '2022-09-25', '08:15:00 AM', '04:15:00 PM'),
(204, 44, '2022-10-05', '08:45:00 AM', '04:45:00 PM'),
(205, 45, '2022-11-15', '09:30:00 AM', '05:30:00 PM'),
(206, 46, '2022-12-25', '08:00:00 AM', '04:00:00 PM'),
(207, 47, '2023-01-05', '08:30:00 AM', '04:30:00 PM'),
(208, 48, '2023-02-15', '09:00:00 AM', '05:00:00 PM'),
(209, 49, '2023-03-25', '08:15:00 AM', '04:15:00 PM'),
(210, 50, '2023-04-05', '08:45:00 AM', '04:45:00 PM'),
(211, 51, '2023-05-15', '09:30:00 AM', '05:30:00 PM'),
(212, 52, '2023-06-25', '08:00:00 AM', '04:00:00 PM'),
(213, 53, '2023-07-05', '08:30:00 AM', '04:30:00 PM'),
(214, 54, '2023-08-15', '09:00:00 AM', '05:00:00 PM'),
(215, 55, '2023-09-25', '08:15:00 AM', '04:15:00 PM'),
(216, 56, '2023-10-05', '08:45:00 AM', '04:45:00 PM'),
(217, 57, '2023-11-15', '09:30:00 AM', '05:30:00 PM'),
(218, 58, '2023-12-25', '08:00:00 AM', '04:00:00 PM'),
(219, 59, '2024-01-05', '08:30:00 AM', '04:30:00 PM'),
(220, 60, '2024-02-15', '09:00:00 AM', '05:00:00 PM'),
(221, 61, '2024-03-25', '08:15:00 AM', '04:15:00 PM'),
(222, 62, '2024-04-05', '08:45:00 AM', '04:45:00 PM'),
(223, 63, '2024-05-15', '09:30:00 AM', '05:30:00 PM'),
(224, 64, '2024-06-25', '08:00:00 AM', '04:00:00 PM'),
(225, 65, '2024-07-05', '08:30:00 AM', '04:30:00 PM'),
(226, 66, '2024-08-15', '09:00:00 AM', '05:00:00 PM'),
(227, 67, '2024-09-25', '08:15:00 AM', '04:15:00 PM'),
(228, 68, '2024-10-05', '08:45:00 AM', '04:45:00 PM'),
(229, 69, '2024-11-15', '09:30:00 AM', '05:30:00 PM'),
(230, 70, '2024-12-25', '08:00:00 AM', '04:00:00 PM'),
(231, 71, '2025-01-05', '08:30:00 AM', '04:30:00 PM'),
(232, 72, '2025-02-15', '09:00:00 AM', '05:00:00 PM'),
(233, 73, '2025-03-25', '08:15:00 AM', '04:15:00 PM'),
(234, 74, '2025-04-05', '08:45:00 AM', '04:45:00 PM'),
(235, 75, '2025-05-15', '09:30:00 AM', '05:30:00 PM'),
(236, 76, '2025-06-25', '08:00:00 AM', '04:00:00 PM'),
(237, 77, '2025-07-05', '08:30:00 AM', '04:30:00 PM'),
(238, 78, '2025-08-15', '09:00:00 AM', '05:00:00 PM'),
(239, 79, '2025-09-25', '08:15:00 AM', '04:15:00 PM'),
(240, 80, '2025-10-05', '08:45:00 AM', '04:45:00 PM'),
(241, 81, '2025-11-15', '09:30:00 AM', '05:30:00 PM'),
(242, 82, '2025-12-25', '08:00:00 AM', '04:00:00 PM'),
(243, 83, '2026-01-05', '08:30:00 AM', '04:30:00 PM'),
(244, 84, '2026-02-15', '09:00:00 AM', '05:00:00 PM'),
(245, 85, '2026-03-25', '08:15:00 AM', '04:15:00 PM'),
(246, 86, '2026-04-05', '08:45:00 AM', '04:45:00 PM'),
(247, 87, '2026-05-15', '09:30:00 AM', '05:30:00 PM'),
(248, 88, '2026-06-25', '08:00:00 AM', '04:00:00 PM'),
(249, 89, '2026-07-05', '08:30:00 AM', '04:30:00 PM'),
(250, 90, '2026-08-15', '09:00:00 AM', '05:00:00 PM');

INSERT INTO Attendance (AttendanceID, EmployeeID, Date, TimeIn, TimeOut) VALUES (251, 44, '2022-10-05', '08:45:00 AM', '04:45:00 PM');
INSERT INTO Attendance (AttendanceID, EmployeeID, Date, TimeIn, TimeOut) VALUES (252, 45, '2022-11-15', '09:30:00 AM', '05:30:00 PM');
select *from SalaryHistory
select *from Attendance